"id_link","id_href"
9,1
9,2
9,3
9,4
9,5
9,6
9,7
9,8
9,10
9,11
9,12
9,13
9,14
9,15
9,16
9,17
9,18
9,19
9,20
9,21
9,22
9,23
9,24
9,25
9,26
9,27
9,28
9,29
9,30
9,31
9,32
9,33
9,34
9,36
9,37
9,38
9,39
9,40
9,41
9,42
9,43
9,44
9,45
9,46
9,47
9,48
9,49
9,50
9,52
9,53
9,54
9,55
9,57
9,58
9,59
9,60
9,61
9,62
9,63
9,64
9,65
9,66
9,67
9,68
9,69
9,70
9,71
9,72
9,74
9,75
9,76
9,77
9,78
9,79
9,80
10,81
14,1
14,4
14,5
14,6
14,7
14,8
14,10
14,11
14,13
14,15
14,16
14,17
14,18
14,19
14,20
14,21
14,22
14,23
14,24
14,25
14,26
14,27
14,28
14,30
14,31
14,33
14,34
14,35
14,36
14,37
14,38
14,39
14,40
14,41
14,42
14,43
14,44
14,45
14,47
14,48
14,49
14,50
14,52
14,53
14,54
14,55
14,57
14,59
14,60
14,61
14,62
14,63
14,64
14,65
14,66
14,68
14,69
14,70
14,72
14,74
14,75
14,77
14,78
14,79
14,83
14,84
14,85
14,86
14,87
14,88
14,90
14,91
14,92
14,93
14,94
14,95
14,96
14,97
14,98
14,100
14,101
14,102
14,103
14,104
14,105
14,106
14,108
14,109
14,110
14,111
14,112
14,113
17,114
25,1
25,3
25,4
25,5
25,6
25,7
25,8
25,9
25,10
25,11
25,12
25,13
25,14
25,15
25,16
25,17
25,18
25,19
25,20
25,21
25,22
25,23
25,24
25,26
25,27
25,28
25,29
25,30
25,31
25,33
25,34
25,36
25,37
25,38
25,39
25,40
25,41
25,42
25,43
25,44
25,45
25,47
25,48
25,49
25,50
25,52
25,53
25,54
25,55
25,57
25,59
25,60
25,61
25,62
25,63
25,64
25,65
25,66
25,68
25,69
25,70
25,72
25,74
25,75
25,77
25,78
25,79
25,85
25,90
25,101
25,111
25,119
25,120
25,121
25,122
30,1
30,2
30,3
30,4
30,5
30,6
30,7
30,8
30,9
30,10
30,11
30,12
30,13
30,14
30,15
30,16
30,17
30,18
30,19
30,20
30,21
30,22
30,23
30,24
30,25
30,26
30,27
30,28
30,29
30,31
30,32
30,33
30,34
30,36
30,37
30,38
30,39
30,40
30,41
30,42
30,43
30,44
30,45
30,46
30,47
30,48
30,49
30,50
30,51
30,52
30,53
30,54
30,55
30,56
30,57
30,58
30,59
30,60
30,61
30,62
30,63
30,64
30,65
30,66
30,67
30,68
30,69
30,70
30,71
30,72
30,74
30,75
30,76
30,77
30,78
30,79
31,192
54,41
54,57
84,1
84,3
84,4
84,5
84,6
84,7
84,8
84,10
84,11
84,13
84,14
84,15
84,16
84,17
84,18
84,19
84,20
84,21
84,22
84,23
84,24
84,25
84,26
84,27
84,28
84,30
84,31
84,33
84,34
84,36
84,37
84,38
84,39
84,40
84,41
84,42
84,43
84,44
84,45
84,47
84,48
84,49
84,50
84,52
84,53
84,54
84,55
84,57
84,59
84,60
84,61
84,62
84,63
84,64
84,65
84,66
84,68
84,69
84,70
84,72
84,74
84,75
84,77
84,78
84,79
84,85
84,90
84,101
84,111
84,119
84,120
84,121
84,122
85,917
96,138
104,141
104,142
104,143
104,144
110,145
140,3
140,11
140,31
140,36
140,38
140,53
140,88
140,94
140,102
140,120
140,156
140,157
140,158
140,159
140,160
140,161
140,163
140,164
140,165
140,166
140,167
140,168
140,169
140,170
140,171
140,173
140,174
140,175
140,176
140,177
140,178
140,179
140,180
140,181
140,182
140,183
140,184
140,186
140,187
140,189
140,190
140,191
140,192
140,193
140,194
140,195
140,196
140,197
140,198
140,199
140,200
140,201
140,202
140,203
140,204
140,205
140,206
140,207
140,208
140,209
140,210
140,211
140,212
140,213
140,214
140,216
140,217
140,218
140,219
140,221
140,222
140,223
140,224
140,225
140,226
140,227
140,229
140,230
140,231
140,232
140,233
140,234
140,235
140,236
140,237
140,238
140,239
140,240
140,242
140,243
140,244
140,245
140,246
140,247
140,249
140,251
140,252
140,253
140,254
140,255
140,256
140,257
140,258
140,259
140,260
140,261
140,262
140,263
140,264
140,265
140,266
140,267
140,268
140,270
140,271
140,272
140,273
140,274
140,275
140,276
140,278
140,279
140,281
140,282
140,283
140,284
140,285
140,286
140,287
140,288
140,289
140,290
140,291
140,292
140,294
140,295
140,297
140,298
140,299
140,300
140,301
140,319
140,344
140,352
140,797
140,974
140,1019
140,1037
140,1043
141,104
161,140
162,193
162,245
162,287
162,315
162,316
162,317
162,318
162,319
162,320
162,321
162,322
166,140
166,196
166,315
166,323
167,140
167,324
167,325
167,326
167,328
167,329
167,330
167,331
168,314
171,140
173,140
175,140
175,844
176,140
176,175
176,844
178,36
178,224
178,247
178,268
178,276
178,332
186,140
187,224
192,31
193,162
193,245
193,287
193,315
193,316
193,317
193,318
193,319
193,320
193,321
193,322
196,102
196,140
196,217
196,218
196,227
199,140
199,196
199,315
206,140
210,36
210,224
210,230
210,236
210,256
214,156
214,163
214,173
214,177
214,187
214,194
214,195
214,196
214,197
214,211
214,212
214,213
214,215
214,217
214,220
214,224
214,227
214,234
214,265
214,269
214,271
214,276
214,279
214,288
214,291
214,292
214,293
214,301
214,315
214,337
214,338
214,339
214,340
214,341
214,342
214,343
214,344
214,345
214,346
214,347
214,348
214,349
214,350
214,351
214,352
214,353
214,354
214,355
214,356
214,357
214,358
214,359
214,360
214,361
214,362
214,363
214,364
214,365
214,366
214,367
214,368
214,369
216,140
225,140
226,314
230,36
230,224
230,236
230,256
232,161
232,196
232,315
233,161
233,196
233,315
237,3
237,5
237,11
237,37
237,42
237,54
237,58
237,65
237,66
237,88
237,90
237,91
237,174
237,200
237,229
237,272
237,315
237,418
237,475
237,485
237,501
237,504
237,514
237,575
237,576
237,578
237,582
237,586
237,592
237,597
237,608
237,611
237,615
237,620
237,629
237,631
237,632
237,635
237,638
237,644
237,650
237,667
237,668
237,675
237,685
237,687
237,690
237,692
237,703
237,706
237,715
237,716
237,718
237,724
237,727
237,732
237,734
237,735
237,738
237,740
237,742
237,751
237,755
237,759
237,761
237,762
237,764
237,768
237,782
237,792
237,866
237,1122
237,1127
261,140
261,156
261,269
261,276
267,140
268,36
268,178
268,224
268,247
268,276
268,332
274,209
274,237
274,251
277,163
277,290
277,794
277,795
277,796
277,797
316,162
316,193
316,245
316,287
316,315
316,317
316,318
316,319
316,320
316,321
316,322
317,162
317,193
317,245
317,287
317,315
317,316
317,318
317,319
317,320
317,321
317,322
318,162
318,193
318,245
318,287
318,315
318,316
318,317
318,319
318,320
318,321
318,322
319,162
319,193
319,245
319,287
319,315
319,316
319,317
319,318
319,320
319,321
319,322
321,162
321,193
321,245
321,287
321,315
321,316
321,317
321,318
321,319
321,320
321,322
322,162
322,193
322,245
322,287
322,315
322,316
322,317
322,318
322,319
322,320
322,321
323,166
323,217
323,236
323,249
323,325
323,896
323,897
323,898
323,899
323,900
323,901
323,902
323,903
327,904
327,905
331,907
341,218
342,218
343,847
345,218
963,836
963,839
994,110
999,36
999,178
999,224
999,247
999,276
999,332
1023,1138
1023,1141
1025,1015
1025,1146
1026,102
1026,140
1026,162
1026,165
1026,189
1026,196
1026,205
1026,212
1026,220
1026,224
1026,234
1026,248
1026,252
1026,271
1026,280
1026,288
1026,298
1026,318
1026,321
1026,322
1026,331
1026,550
1026,783
1026,793
1026,797
1026,829
1026,831
1026,836
1026,839
1026,962
1026,963
1026,986
1026,1011
1026,1012
1026,1013
1026,1015
1026,1016
1026,1017
1026,1018
1026,1019
1026,1020
1026,1021
1026,1022
1026,1023
1026,1024
1026,1025
1026,1027
1026,1028
1026,1029
1026,1030
1026,1031
1026,1032
1026,1033
1026,1035
1026,1036
1026,1037
1026,1038
1026,1039
1026,1040
1030,331
1030,1129
1031,1012
1031,1015
1031,1021
1031,1026
1031,1038
1031,1040
1031,1138
1031,1139
1031,1140
1031,1144
1031,1146
1031,1147
1031,1151
1031,1153
1031,1160
1031,1167
1031,1175
1032,224
1032,1169
1038,1015
1038,1016
1038,1031
1038,1150
1038,1151
1038,1152
1038,1153
1038,1154
1038,1155
1038,1156
1038,1158
1038,1159
1038,1161
1038,1192
1040,1025
1040,1031
1040,1139
1040,1140
1040,1144
1040,1146
1040,1151
1040,1179
1040,1181
1040,1184
1040,1186
1040,1189
1040,1196
1040,1197
1040,1200
1040,1202
1040,1203
1040,1204
1040,1209
1045,169
1045,228
1045,250
1045,260
1045,974
1045,1041
1045,1042
1045,1043
1045,1044
1045,1046
1045,1047
1047,169
1047,228
1047,250
1047,260
1047,974
1047,1041
1047,1042
1047,1043
1047,1044
1047,1045
1047,1046
1053,1072
1053,1091
1053,1101
1053,1108
1053,1124
1054,55
1054,101
1054,102
1054,121
1054,202
1054,294
1054,550
1054,553
1054,783
1054,793
1054,834
1054,840
1054,904
1054,970
1054,1024
1054,1030
1054,1049
1054,1050
1054,1052
1054,1053
1054,1055
1054,1056
1054,1057
1054,1058
1054,1059
1054,1060
1054,1061
1054,1062
1054,1063
1054,1064
1054,1065
1054,1066
1054,1067
1054,1068
1054,1069
1054,1070
1054,1071
1054,1072
1054,1073
1054,1074
1054,1075
1054,1076
1054,1077
1054,1078
1054,1079
1054,1080
1054,1081
1054,1082
1054,1083
1054,1084
1054,1085
1054,1086
1054,1087
1054,1088
1054,1090
1054,1091
1054,1092
1054,1093
1054,1094
1054,1095
1054,1096
1054,1097
1054,1098
1054,1099
1054,1100
1054,1101
1054,1102
1054,1104
1054,1105
1054,1106
1054,1107
1054,1108
1054,1109
1054,1110
1054,1111
1054,1112
1054,1113
1054,1114
1054,1115
1054,1116
1054,1117
1054,1118
1054,1119
1054,1120
1054,1121
1054,1122
1054,1123
1054,1124
1055,55
1055,101
1055,102
1055,121
1055,202
1055,294
1055,550
1055,553
1055,783
1055,793
1055,834
1055,840
1055,904
1055,970
1055,1024
1055,1030
1055,1049
1055,1050
1055,1052
1055,1053
1055,1054
1055,1056
1055,1057
1055,1058
1055,1059
1055,1060
1055,1061
1055,1062
1055,1063
1055,1064
1055,1065
1055,1066
1055,1067
1055,1068
1055,1069
1055,1070
1055,1071
1055,1072
1055,1073
1055,1074
1055,1075
1055,1076
1055,1077
1055,1078
1055,1079
1055,1080
1055,1081
1055,1082
1055,1083
1055,1084
1055,1085
1055,1086
1055,1087
1055,1088
1055,1090
1055,1091
1055,1092
1055,1093
1055,1094
1055,1095
1055,1096
1055,1097
1055,1098
1055,1099
1055,1100
1055,1101
1055,1102
1055,1104
1055,1105
1055,1106
1055,1107
1055,1108
1055,1109
1055,1110
1055,1111
1055,1112
1055,1113
1055,1114
1055,1115
1055,1116
1055,1117
1055,1118
1055,1119
1055,1120
1055,1121
1055,1122
1055,1123
1055,1124
1056,1024
1057,119
1057,400
1057,485
1057,561
1057,638
1057,647
1057,688
1057,767
1057,778
1057,790
1057,1323
1057,1324
1057,1325
1057,1326
1057,1327
1057,1328
1058,326
1058,370
1058,373
1058,374
1058,375
1058,376
1058,378
1058,379
1058,380
1058,382
1058,383
1058,384
1058,385
1058,387
1058,393
1058,394
1058,398
1058,400
1058,401
1058,402
1058,403
1058,404
1058,405
1058,410
1058,413
1058,415
1058,416
1058,418
1058,423
1058,424
1058,427
1058,428
1058,434
1058,435
1058,436
1058,437
1058,438
1058,439
1058,442
1058,445
1058,449
1058,450
1058,451
1058,456
1058,460
1058,461
1058,466
1058,467
1058,469
1058,475
1058,476
1058,477
1058,479
1058,482
1058,483
1058,484
1058,486
1058,488
1058,492
1058,495
1058,506
1058,509
1058,511
1058,512
1058,515
1058,517
1058,520
1058,524
1058,525
1058,526
1058,527
1058,528
1058,532
1058,536
1058,538
1058,546
1058,550
1058,553
1058,563
1058,565
1058,612
1058,634
1058,638
1058,640
1058,641
1058,783
1058,793
1058,1016
1058,1023
1058,1028
1058,1030
1058,1056
1058,1059
1058,1061
1058,1062
1058,1064
1058,1066
1058,1070
1058,1071
1058,1075
1058,1076
1058,1079
1058,1083
1058,1087
1058,1091
1058,1096
1058,1099
1058,1104
1058,1108
1058,1112
1058,1116
1058,1124
1058,1157
1058,1249
1058,1264
1058,1285
1058,1347
1058,1358
1058,1409
1058,1416
1058,1424
1058,1426
1058,1427
1058,1440
1058,1467
1058,1470
1058,1506
1058,1535
1058,1544
1058,1559
1058,1568
1058,1633
1058,1779
1058,1805
1059,1067
1060,55
1060,101
1060,102
1060,121
1060,202
1060,294
1060,550
1060,553
1060,783
1060,793
1060,834
1060,840
1060,904
1060,970
1060,1024
1060,1030
1060,1049
1060,1050
1060,1052
1060,1053
1060,1054
1060,1055
1060,1056
1060,1057
1060,1058
1060,1059
1060,1061
1060,1062
1060,1063
1060,1064
1060,1065
1060,1066
1060,1067
1060,1068
1060,1069
1060,1070
1060,1071
1060,1072
1060,1073
1060,1074
1060,1075
1060,1076
1060,1077
1060,1078
1060,1079
1060,1080
1060,1081
1060,1082
1060,1083
1060,1084
1060,1085
1060,1086
1060,1087
1060,1088
1060,1090
1060,1091
1060,1092
1060,1093
1060,1094
1060,1095
1060,1096
1060,1097
1060,1098
1060,1099
1060,1100
1060,1101
1060,1102
1060,1104
1060,1105
1060,1106
1060,1107
1060,1108
1060,1109
1060,1110
1060,1111
1060,1112
1060,1113
1060,1114
1060,1115
1060,1116
1060,1117
1060,1118
1060,1119
1060,1120
1060,1121
1060,1122
1060,1123
1060,1124
1062,1067
1063,55
1063,101
1063,102
1063,121
1063,202
1063,294
1063,550
1063,553
1063,783
1063,793
1063,834
1063,840
1063,904
1063,970
1063,1024
1063,1030
1063,1049
1063,1050
1063,1052
1063,1053
1063,1054
1063,1055
1063,1056
1063,1057
1063,1058
1063,1059
1063,1060
1063,1061
1063,1062
1063,1064
1063,1065
1063,1066
1063,1067
1063,1068
1063,1069
1063,1070
1063,1071
1063,1072
1063,1073
1063,1074
1063,1075
1063,1076
1063,1077
1063,1078
1063,1079
1063,1080
1063,1081
1063,1082
1063,1083
1063,1084
1063,1085
1063,1086
1063,1087
1063,1088
1063,1090
1063,1091
1063,1092
1063,1093
1063,1094
1063,1095
1063,1096
1063,1097
1063,1098
1063,1099
1063,1100
1063,1101
1063,1102
1063,1104
1063,1105
1063,1106
1063,1107
1063,1108
1063,1109
1063,1110
1063,1111
1063,1112
1063,1113
1063,1114
1063,1115
1063,1116
1063,1117
1063,1118
1063,1119
1063,1120
1063,1121
1063,1122
1063,1123
1063,1124
1065,1067
1068,55
1068,101
1068,102
1068,121
1068,202
1068,294
1068,550
1068,553
1068,783
1068,793
1068,834
1068,840
1068,904
1068,970
1068,1024
1068,1030
1068,1049
1068,1050
1068,1052
1068,1053
1068,1054
1068,1055
1068,1056
1068,1057
1068,1058
1068,1059
1068,1060
1068,1061
1068,1062
1068,1063
1068,1064
1068,1065
1068,1066
1068,1067
1068,1069
1068,1070
1068,1071
1068,1072
1068,1073
1068,1074
1068,1075
1068,1076
1068,1077
1068,1078
1068,1079
1068,1080
1068,1081
1068,1082
1068,1083
1068,1084
1068,1085
1068,1086
1068,1087
1068,1088
1068,1090
1068,1091
1068,1092
1068,1093
1068,1094
1068,1095
1068,1096
1068,1097
1068,1098
1068,1099
1068,1100
1068,1101
1068,1102
1068,1104
1068,1105
1068,1106
1068,1107
1068,1108
1068,1109
1068,1110
1068,1111
1068,1112
1068,1113
1068,1114
1068,1115
1068,1116
1068,1117
1068,1118
1068,1119
1068,1120
1068,1121
1068,1122
1068,1123
1068,1124
1071,1267
1071,1307
1071,1614
1072,1053
1072,1091
1072,1101
1072,1108
1072,1124
1072,1227
1072,1228
1072,1229
1072,1230
1072,1231
1072,1232
1072,1233
1072,1234
1072,1235
1072,1236
1072,1238
1072,1239
1072,1240
1072,1241
1072,1242
1072,1243
1072,1244
1072,1245
1072,1246
1072,1247
1072,1248
1072,1249
1072,1250
1072,1251
1072,1252
1072,1253
1072,1254
1072,1255
1072,1256
1072,1257
1072,1258
1072,1259
1072,1260
1072,1261
1072,1262
1072,1263
1072,1264
1072,1265
1072,1266
1072,1267
1072,1268
1072,1269
1072,1270
1072,1272
1072,1273
1072,1274
1072,1275
1072,1276
1072,1277
1072,1278
1072,1279
1072,1280
1072,1281
1072,1282
1072,1283
1072,1284
1072,1285
1072,1286
1072,1287
1072,1288
1072,1289
1072,1290
1072,1291
1072,1292
1072,1293
1072,1294
1072,1295
1072,1296
1072,1297
1072,1298
1072,1299
1072,1300
1072,1301
1072,1302
1072,1303
1072,1304
1072,1305
1072,1306
1072,1307
1072,1308
1072,1309
1072,1310
1072,1311
1072,1312
1072,1313
1072,1314
1072,1315
1072,1316
1072,1317
1072,1318
1072,1319
1072,1320
1072,1321
1072,1322
1074,1067
1075,1067
1076,904
1076,1067
1076,1387
1080,119
1080,400
1080,485
1080,561
1080,638
1080,647
1080,688
1080,767
1080,778
1080,790
1084,904
1084,1067
1087,327
1087,1049
1087,1057
1087,1058
1087,1065
1087,1066
1087,1067
1087,1072
1087,1075
1087,1076
1087,1080
1087,1082
1087,1088
1087,1097
1087,1099
1087,1102
1087,1109
1087,1110
1087,1111
1087,1119
1087,1120
1087,1121
1087,1242
1087,1324
1087,1325
1087,1327
1087,1328
1087,1443
1087,1450
1087,1454
1087,1462
1087,1475
1087,1486
1087,1498
1087,1510
1087,1512
1087,1555
1087,1560
1087,1580
1087,1585
1087,1591
1087,1609
1087,1622
1087,1626
1087,1632
1087,1634
1087,1638
1087,1660
1087,1693
1087,1714
1087,1780
1087,1798
1087,1802
1087,1804
1091,1053
1091,1072
1091,1101
1091,1108
1091,1124
1091,1227
1091,1228
1091,1229
1091,1230
1091,1231
1091,1232
1091,1233
1091,1234
1091,1235
1091,1236
1091,1238
1091,1239
1091,1240
1091,1242
1091,1243
1091,1244
1091,1245
1091,1246
1091,1247
1091,1248
1091,1249
1091,1250
1091,1251
1091,1252
1091,1253
1091,1254
1091,1255
1091,1256
1091,1257
1091,1258
1091,1259
1091,1260
1091,1261
1091,1262
1091,1263
1091,1264
1091,1265
1091,1266
1091,1267
1091,1268
1091,1269
1091,1270
1091,1272
1091,1273
1091,1274
1091,1275
1091,1276
1091,1277
1091,1278
1091,1279
1091,1280
1091,1281
1091,1282
1091,1283
1091,1284
1091,1285
1091,1286
1091,1287
1091,1288
1091,1289
1091,1290
1091,1291
1091,1292
1091,1293
1091,1294
1091,1295
1091,1296
1091,1297
1091,1298
1091,1299
1091,1300
1091,1301
1091,1302
1091,1303
1091,1304
1091,1305
1091,1306
1091,1307
1091,1308
1091,1309
1091,1310
1091,1311
1091,1312
1091,1313
1091,1314
1091,1315
1091,1316
1091,1317
1091,1318
1091,1319
1091,1320
1091,1321
1091,1322
1092,55
1092,101
1092,102
1092,121
1092,202
1092,294
1092,550
1092,553
1092,783
1092,793
1092,834
1092,840
1092,904
1092,970
1092,1024
1092,1030
1092,1049
1092,1050
1092,1052
1092,1053
1092,1054
1092,1055
1092,1056
1092,1057
1092,1058
1092,1059
1092,1060
1092,1061
1092,1062
1092,1063
1092,1064
1092,1065
1092,1066
1092,1067
1092,1068
1092,1069
1092,1070
1092,1071
1092,1072
1092,1073
1092,1074
1092,1075
1092,1076
1092,1077
1092,1078
1092,1079
1092,1080
1092,1081
1092,1082
1092,1083
1092,1084
1092,1085
1092,1086
1092,1087
1092,1088
1092,1090
1092,1091
1092,1093
1092,1094
1092,1095
1092,1096
1092,1097
1092,1098
1092,1099
1092,1100
1092,1101
1092,1102
1092,1104
1092,1105
1092,1106
1092,1107
1092,1108
1092,1109
1092,1110
1092,1111
1092,1112
1092,1113
1092,1114
1092,1115
1092,1116
1092,1117
1092,1118
1092,1119
1092,1120
1092,1121
1092,1122
1092,1123
1092,1124
1093,904
1093,1067
1095,904
1095,1067
1096,1067
1098,55
1098,101
1098,102
1098,121
1098,202
1098,294
1098,550
1098,553
1098,783
1098,793
1098,834
1098,840
1098,904
1098,970
1098,1024
1098,1030
1098,1049
1098,1050
1098,1052
1098,1053
1098,1054
1098,1055
1098,1056
1098,1057
1098,1058
1098,1059
1098,1060
1098,1061
1098,1063
1098,1064
1098,1065
1098,1066
1098,1067
1098,1068
1098,1069
1098,1070
1098,1071
1098,1072
1098,1073
1098,1074
1098,1075
1098,1076
1098,1077
1098,1078
1098,1079
1098,1080
1098,1081
1098,1082
1098,1083
1098,1084
1098,1085
1098,1086
1098,1087
1098,1088
1098,1090
1098,1091
1098,1092
1098,1093
1098,1094
1098,1095
1098,1096
1098,1097
1098,1099
1098,1100
1098,1101
1098,1102
1098,1104
1098,1105
1098,1106
1098,1107
1098,1108
1098,1109
1098,1110
1098,1111
1098,1112
1098,1113
1098,1114
1098,1115
1098,1116
1098,1117
1098,1118
1098,1119
1098,1120
1098,1121
1098,1122
1098,1123
1098,1124
1100,55
1100,101
1100,102
1100,121
1100,202
1100,294
1100,550
1100,553
1100,783
1100,793
1100,834
1100,840
1100,904
1100,970
1100,1024
1100,1030
1100,1049
1100,1050
1100,1052
1100,1053
1100,1054
1100,1055
1100,1056
1100,1057
1100,1058
1100,1059
1100,1060
1100,1061
1100,1062
1100,1063
1100,1064
1100,1065
1100,1066
1100,1067
1100,1068
1100,1069
1100,1070
1100,1071
1100,1072
1100,1073
1100,1074
1100,1075
1100,1076
1100,1077
1100,1078
1100,1079
1100,1080
1100,1081
1100,1082
1100,1083
1100,1084
1100,1085
1100,1086
1100,1087
1100,1088
1100,1090
1100,1091
1100,1092
1100,1093
1100,1094
1100,1095
1100,1096
1100,1097
1100,1098
1100,1099
1100,1101
1100,1102
1100,1104
1100,1105
1100,1106
1100,1107
1100,1108
1100,1109
1100,1110
1100,1111
1100,1112
1100,1113
1100,1114
1100,1115
1100,1116
1100,1117
1100,1118
1100,1119
1100,1120
1100,1121
1100,1122
1100,1123
1100,1124
1101,1053
1101,1072
1101,1091
1101,1108
1101,1124
1101,1227
1101,1228
1101,1229
1101,1230
1101,1231
1101,1232
1101,1233
1101,1234
1101,1235
1101,1236
1101,1238
1101,1239
1101,1240
1101,1241
1101,1242
1101,1243
1101,1244
1101,1245
1101,1246
1101,1247
1101,1248
1101,1249
1101,1250
1101,1251
1101,1252
1101,1253
1101,1254
1101,1255
1101,1256
1101,1257
1101,1258
1101,1259
1101,1260
1101,1261
1101,1262
1101,1263
1101,1264
1101,1265
1101,1266
1101,1267
1101,1268
1101,1269
1101,1270
1101,1272
1101,1273
1101,1274
1101,1275
1101,1276
1101,1277
1101,1278
1101,1279
1101,1280
1101,1281
1101,1282
1101,1283
1101,1284
1101,1285
1101,1286
1101,1287
1101,1288
1101,1289
1101,1290
1101,1291
1101,1292
1101,1293
1101,1294
1101,1295
1101,1296
1101,1297
1101,1298
1101,1299
1101,1300
1101,1301
1101,1302
1101,1303
1101,1304
1101,1305
1101,1306
1101,1307
1101,1308
1101,1309
1101,1310
1101,1311
1101,1312
1101,1313
1101,1314
1101,1315
1101,1316
1101,1317
1101,1318
1101,1319
1101,1320
1101,1321
1101,1322
