"id","link","title","author","created_date"
1,#,#,#,"2022-11-15 21:40:21"
2,#,#,#,"2022-11-15 21:40:21"
3,#,#,#,"2022-11-15 21:40:21"
4,#,#,#,"2022-11-15 21:40:21"
5,#,#,#,"2022-11-15 21:40:21"
6,#,#,#,"2022-11-15 21:40:21"
7,#,#,#,"2022-11-15 21:40:21"
8,#,#,#,"2022-11-15 21:40:21"
9,#,#,#,"2022-11-15 21:40:21"
10,#,#,#,"2022-11-15 21:40:21"
11,#,#,#,"2022-11-15 21:40:21"
12,#,#,#,"2022-11-15 21:40:21"
13,#,#,#,"2022-11-15 21:40:21"
14,#,#,#,"2022-11-15 21:40:21"
15,#,#,#,"2022-11-15 21:40:21"
16,#,#,#,"2022-11-15 21:40:21"
17,#,#,#,"2022-11-15 21:40:21"
18,#,#,#,"2022-11-15 21:40:21"
19,#,#,#,"2022-11-15 21:40:21"
20,#,#,#,"2022-11-15 21:40:21"
21,#,#,#,"2022-11-15 21:40:21"
22,#,#,#,"2022-11-15 21:40:21"
23,#,#,#,"2022-11-15 21:40:21"
24,#,#,#,"2022-11-15 21:40:21"
25,#,#,#,"2022-11-15 21:40:21"
26,#,#,#,"2022-11-15 21:40:21"
27,#,#,#,"2022-11-15 21:40:21"
28,#,#,#,"2022-11-15 21:40:21"
29,#,#,#,"2022-11-15 21:40:21"
30,#,#,#,"2022-11-15 21:40:21"
31,#,#,#,"2022-11-15 21:40:21"
32,#,#,#,"2022-11-15 21:40:21"
33,#,#,#,"2022-11-15 21:40:21"
34,#,#,#,"2022-11-15 21:40:21"
35,#,#,#,"2022-11-15 21:40:21"
36,#,#,#,"2022-11-15 21:40:21"
37,#,#,#,"2022-11-15 21:40:21"
38,#,#,#,"2022-11-15 21:40:21"
39,#,#,#,"2022-11-15 21:40:21"
40,#,#,#,"2022-11-15 21:40:21"
41,#,#,#,"2022-11-15 21:40:21"
42,#,#,#,"2022-11-15 21:40:21"
43,#,#,#,"2022-11-15 21:40:21"
44,#,#,#,"2022-11-15 21:40:21"
45,#,#,#,"2022-11-15 21:40:21"
46,#,#,#,"2022-11-15 21:40:21"
47,#,#,#,"2022-11-15 21:40:21"
48,#,#,#,"2022-11-15 21:40:21"
49,#,#,#,"2022-11-15 21:40:21"
50,#,#,#,"2022-11-15 21:40:21"
51,#,#,#,"2022-11-15 21:40:21"
52,#,#,#,"2022-11-15 21:40:21"
53,#,#,#,"2022-11-15 21:40:21"
54,#,#,#,"2022-11-15 21:40:21"
55,#,#,#,"2022-11-15 21:40:21"
56,#,#,#,"2022-11-15 21:40:21"
57,#,#,#,"2022-11-15 21:40:21"
58,#,#,#,"2022-11-15 21:40:21"
59,#,#,#,"2022-11-15 21:40:21"
60,#,#,#,"2022-11-15 21:40:21"
61,#,#,#,"2022-11-15 21:40:21"
62,#,#,#,"2022-11-15 21:40:21"
63,#,#,#,"2022-11-15 21:40:21"
64,#,#,#,"2022-11-15 21:40:21"
65,#,#,#,"2022-11-15 21:40:21"
66,#,#,#,"2022-11-15 21:40:21"
67,#,#,#,"2022-11-15 21:40:21"
68,#,#,#,"2022-11-15 21:40:21"
69,#,#,#,"2022-11-15 21:40:21"
70,#,#,#,"2022-11-15 21:40:21"
71,#,#,#,"2022-11-15 21:40:21"
72,#,#,#,"2022-11-15 21:40:21"
73,#,#,#,"2022-11-15 21:40:22"
74,#,#,#,"2022-11-15 21:40:22"
75,#,#,#,"2022-11-15 21:40:22"
76,#,#,#,"2022-11-15 21:40:22"
77,#,#,#,"2022-11-15 21:40:22"
78,#,#,#,"2022-11-15 21:40:22"
79,#,#,#,"2022-11-15 21:40:22"
80,#,#,#,"2022-11-15 22:02:03"
81,#,#,#,"2022-11-15 22:02:35"
82,#,#,#,"2022-11-15 22:06:56"
83,#,#,#,"2022-11-15 22:08:14"
84,#,#,#,"2022-11-15 22:08:14"
85,#,#,#,"2022-11-15 22:08:15"
86,#,#,#,"2022-11-15 22:08:15"
87,#,#,#,"2022-11-15 22:08:15"
88,#,#,#,"2022-11-15 22:08:15"
89,#,#,#,"2022-11-15 22:08:15"
90,#,#,#,"2022-11-15 22:08:15"
91,#,#,#,"2022-11-15 22:08:15"
92,#,#,#,"2022-11-15 22:08:15"
93,#,#,#,"2022-11-15 22:08:15"
94,#,#,#,"2022-11-15 22:08:15"
95,#,#,#,"2022-11-15 22:08:15"
96,#,#,#,"2022-11-15 22:08:15"
97,#,#,#,"2022-11-15 22:08:15"
98,#,#,#,"2022-11-15 22:08:15"
99,#,#,#,"2022-11-15 22:08:15"
100,#,#,#,"2022-11-15 22:08:15"
101,#,#,#,"2022-11-15 22:08:15"
102,#,#,#,"2022-11-15 22:08:15"
103,#,#,#,"2022-11-15 22:08:15"
104,#,#,#,"2022-11-15 22:08:15"
105,#,#,#,"2022-11-15 22:08:15"
106,#,#,#,"2022-11-15 22:08:15"
107,#,#,#,"2022-11-15 22:08:15"
108,#,#,#,"2022-11-15 22:08:15"
109,#,#,#,"2022-11-15 22:08:15"
110,#,#,#,"2022-11-15 22:08:15"
111,#,#,#,"2022-11-15 22:08:15"
112,#,#,#,"2022-11-15 22:08:15"
113,#,#,#,"2022-11-15 22:08:15"
114,#,#,#,"2022-11-15 22:11:48"
115,#,#,#,"2022-11-15 22:13:14"
116,#,#,#,"2022-11-15 22:13:14"
117,#,#,#,"2022-11-15 22:13:14"
118,#,#,#,"2022-11-15 22:13:14"
119,#,#,#,"2022-11-15 22:15:09"
120,#,#,#,"2022-11-15 22:15:10"
121,#,#,#,"2022-11-15 22:15:10"
122,#,#,#,"2022-11-15 22:15:10"
123,#,#,#,"2022-11-15 22:23:35"
124,#,#,#,"2022-11-15 22:23:35"
125,#,#,#,"2022-11-15 22:23:35"
126,#,#,#,"2022-11-15 22:23:35"
127,#,#,#,"2022-11-15 22:23:35"
128,#,#,#,"2022-11-15 22:23:35"
129,#,#,#,"2022-11-15 22:23:35"
130,#,#,#,"2022-11-15 22:23:35"
131,#,#,#,"2022-11-15 22:23:35"
132,#,#,#,"2022-11-15 22:23:35"
133,#,#,#,"2022-11-15 22:23:35"
134,#,#,#,"2022-11-15 22:23:35"
135,#,#,#,"2022-11-15 22:23:35"
136,#,#,#,"2022-11-15 22:23:35"
137,#,#,#,"2022-11-15 22:37:02"
138,#,#,#,"2022-11-15 22:39:32"
139,#,#,#,"2022-11-15 22:40:39"
140,#,#,#,"2022-11-15 22:42:29"
141,#,#,#,"2022-11-15 22:43:02"
142,#,#,#,"2022-11-15 22:43:02"
143,#,#,#,"2022-11-15 22:43:02"
144,#,#,#,"2022-11-15 22:43:02"
145,#,#,#,"2022-11-15 22:49:46"
146,#,#,#,"2022-11-15 22:52:09"
147,#,#,#,"2022-11-15 22:54:00"
148,#,#,#,"2022-11-15 22:54:00"
149,#,#,#,"2022-11-15 22:54:00"
150,#,#,#,"2022-11-15 22:54:00"
151,#,#,#,"2022-11-15 23:01:34"
152,#,#,#,"2022-11-15 23:01:34"
153,#,#,#,"2022-11-15 23:01:34"
154,#,#,#,"2022-11-15 23:01:34"
155,#,#,#,"2022-11-15 23:01:34"
156,#,#,#,"2022-11-15 23:03:04"
157,#,#,#,"2022-11-15 23:03:04"
158,#,#,#,"2022-11-15 23:03:04"
159,#,#,#,"2022-11-15 23:03:04"
160,#,#,#,"2022-11-15 23:03:04"
161,#,#,#,"2022-11-15 23:03:04"
162,#,#,#,"2022-11-15 23:03:04"
163,#,#,#,"2022-11-15 23:03:04"
164,#,#,#,"2022-11-15 23:03:04"
165,#,#,#,"2022-11-15 23:03:04"
166,#,#,#,"2022-11-15 23:03:04"
167,#,#,#,"2022-11-15 23:03:04"
168,#,#,#,"2022-11-15 23:03:04"
169,#,#,#,"2022-11-15 23:03:04"
170,#,#,#,"2022-11-15 23:03:04"
171,#,#,#,"2022-11-15 23:03:04"
172,#,#,#,"2022-11-15 23:03:04"
173,#,#,#,"2022-11-15 23:03:04"
174,#,#,#,"2022-11-15 23:03:04"
175,#,#,#,"2022-11-15 23:03:04"
176,#,#,#,"2022-11-15 23:03:04"
177,#,#,#,"2022-11-15 23:03:04"
178,#,#,#,"2022-11-15 23:03:04"
179,#,#,#,"2022-11-15 23:03:04"
180,#,#,#,"2022-11-15 23:03:04"
181,#,#,#,"2022-11-15 23:03:04"
182,#,#,#,"2022-11-15 23:03:05"
183,#,#,#,"2022-11-15 23:03:05"
184,#,#,#,"2022-11-15 23:03:05"
185,#,#,#,"2022-11-15 23:03:05"
186,#,#,#,"2022-11-15 23:03:05"
187,#,#,#,"2022-11-15 23:03:05"
188,#,#,#,"2022-11-15 23:03:05"
189,#,#,#,"2022-11-15 23:03:05"
190,#,#,#,"2022-11-15 23:03:05"
191,#,#,#,"2022-11-15 23:03:05"
192,#,#,#,"2022-11-15 23:03:05"
193,#,#,#,"2022-11-15 23:03:05"
194,#,#,#,"2022-11-15 23:03:05"
195,#,#,#,"2022-11-15 23:03:05"
196,#,#,#,"2022-11-15 23:03:05"
197,#,#,#,"2022-11-15 23:03:05"
198,#,#,#,"2022-11-15 23:03:05"
199,#,#,#,"2022-11-15 23:03:05"
200,#,#,#,"2022-11-15 23:03:05"
201,#,#,#,"2022-11-15 23:03:05"
202,#,#,#,"2022-11-15 23:03:05"
203,#,#,#,"2022-11-15 23:03:05"
204,#,#,#,"2022-11-15 23:03:05"
205,#,#,#,"2022-11-15 23:03:05"
206,#,#,#,"2022-11-15 23:03:05"
207,#,#,#,"2022-11-15 23:03:05"
208,#,#,#,"2022-11-15 23:03:05"
209,#,#,#,"2022-11-15 23:03:05"
210,#,#,#,"2022-11-15 23:03:05"
211,#,#,#,"2022-11-15 23:03:05"
212,#,#,#,"2022-11-15 23:03:05"
213,#,#,#,"2022-11-15 23:03:05"
214,#,#,#,"2022-11-15 23:03:05"
215,#,#,#,"2022-11-15 23:03:05"
216,#,#,#,"2022-11-15 23:03:05"
217,#,#,#,"2022-11-15 23:03:05"
218,#,#,#,"2022-11-15 23:03:05"
219,#,#,#,"2022-11-15 23:03:05"
220,#,#,#,"2022-11-15 23:03:05"
221,#,#,#,"2022-11-15 23:03:05"
222,#,#,#,"2022-11-15 23:03:05"
223,#,#,#,"2022-11-15 23:03:05"
224,#,#,#,"2022-11-15 23:03:05"
225,#,#,#,"2022-11-15 23:03:05"
226,#,#,#,"2022-11-15 23:03:05"
227,#,#,#,"2022-11-15 23:03:05"
228,#,#,#,"2022-11-15 23:03:05"
229,#,#,#,"2022-11-15 23:03:05"
230,#,#,#,"2022-11-15 23:03:05"
231,#,#,#,"2022-11-15 23:03:05"
232,#,#,#,"2022-11-15 23:03:05"
233,#,#,#,"2022-11-15 23:03:05"
234,#,#,#,"2022-11-15 23:03:05"
235,#,#,#,"2022-11-15 23:03:05"
236,#,#,#,"2022-11-15 23:03:05"
237,#,#,#,"2022-11-15 23:03:05"
238,#,#,#,"2022-11-15 23:03:05"
239,#,#,#,"2022-11-15 23:03:05"
240,#,#,#,"2022-11-15 23:03:05"
241,#,#,#,"2022-11-15 23:03:05"
242,#,#,#,"2022-11-15 23:03:05"
243,#,#,#,"2022-11-15 23:03:05"
244,#,#,#,"2022-11-15 23:03:05"
245,#,#,#,"2022-11-15 23:03:05"
246,#,#,#,"2022-11-15 23:03:05"
247,#,#,#,"2022-11-15 23:03:05"
248,#,#,#,"2022-11-15 23:03:05"
249,#,#,#,"2022-11-15 23:03:05"
250,#,#,#,"2022-11-15 23:03:05"
251,#,#,#,"2022-11-15 23:03:05"
252,#,#,#,"2022-11-15 23:03:05"
253,#,#,#,"2022-11-15 23:03:05"
254,#,#,#,"2022-11-15 23:03:05"
255,#,#,#,"2022-11-15 23:03:05"
256,#,#,#,"2022-11-15 23:03:05"
257,#,#,#,"2022-11-15 23:03:05"
258,#,#,#,"2022-11-15 23:03:05"
259,#,#,#,"2022-11-15 23:03:05"
260,#,#,#,"2022-11-15 23:03:06"
261,#,#,#,"2022-11-15 23:03:06"
262,#,#,#,"2022-11-15 23:03:06"
263,#,#,#,"2022-11-15 23:03:06"
264,#,#,#,"2022-11-15 23:03:06"
265,#,#,#,"2022-11-15 23:03:06"
266,#,#,#,"2022-11-15 23:03:06"
267,#,#,#,"2022-11-15 23:03:06"
268,#,#,#,"2022-11-15 23:03:06"
269,#,#,#,"2022-11-15 23:03:06"
270,#,#,#,"2022-11-15 23:03:06"
271,#,#,#,"2022-11-15 23:03:06"
272,#,#,#,"2022-11-15 23:03:06"
273,#,#,#,"2022-11-15 23:03:06"
274,#,#,#,"2022-11-15 23:03:06"
275,#,#,#,"2022-11-15 23:03:06"
276,#,#,#,"2022-11-15 23:03:06"
277,#,#,#,"2022-11-15 23:03:06"
278,#,#,#,"2022-11-15 23:03:06"
279,#,#,#,"2022-11-15 23:03:06"
280,#,#,#,"2022-11-15 23:03:06"
281,#,#,#,"2022-11-15 23:03:06"
282,#,#,#,"2022-11-15 23:03:06"
283,#,#,#,"2022-11-15 23:03:06"
284,#,#,#,"2022-11-15 23:03:06"
285,#,#,#,"2022-11-15 23:03:06"
286,#,#,#,"2022-11-15 23:03:06"
287,#,#,#,"2022-11-15 23:03:06"
288,#,#,#,"2022-11-15 23:03:06"
289,#,#,#,"2022-11-15 23:03:06"
290,#,#,#,"2022-11-15 23:03:06"
291,#,#,#,"2022-11-15 23:03:06"
292,#,#,#,"2022-11-15 23:03:06"
293,#,#,#,"2022-11-15 23:03:06"
294,#,#,#,"2022-11-15 23:03:06"
295,#,#,#,"2022-11-15 23:03:06"
296,#,#,#,"2022-11-15 23:03:06"
297,#,#,#,"2022-11-15 23:03:06"
298,#,#,#,"2022-11-15 23:03:06"
299,#,#,#,"2022-11-15 23:03:06"
300,#,#,#,"2022-11-15 23:03:06"
301,#,#,#,"2022-11-15 23:03:06"
302,#,#,#,"2022-11-15 23:07:54"
303,#,#,#,"2022-11-15 23:07:54"
304,#,#,#,"2022-11-15 23:07:54"
305,#,#,#,"2022-11-15 23:07:54"
306,#,#,#,"2022-11-15 23:07:54"
307,#,#,#,"2022-11-15 23:07:54"
308,#,#,#,"2022-11-15 23:07:54"
309,#,#,#,"2022-11-15 23:07:54"
310,#,#,#,"2022-11-15 23:07:54"
311,#,#,#,"2022-11-15 23:07:54"
312,#,#,#,"2022-11-15 23:08:06"
313,#,#,#,"2022-11-15 23:08:06"
314,#,#,#,"2022-11-15 23:09:58"
315,#,#,#,"2022-11-15 23:15:39"
316,#,#,#,"2022-11-15 23:15:39"
317,#,#,#,"2022-11-15 23:15:39"
318,#,#,#,"2022-11-15 23:15:39"
319,#,#,#,"2022-11-15 23:15:39"
320,#,#,#,"2022-11-15 23:15:39"
321,#,#,#,"2022-11-15 23:15:39"
322,#,#,#,"2022-11-15 23:15:39"
323,#,#,#,"2022-11-15 23:17:21"
324,#,#,#,"2022-11-15 23:17:46"
325,#,#,#,"2022-11-15 23:17:46"
326,#,#,#,"2022-11-15 23:17:46"
327,#,#,#,"2022-11-15 23:17:46"
328,#,#,#,"2022-11-15 23:17:46"
329,#,#,#,"2022-11-15 23:17:46"
330,#,#,#,"2022-11-15 23:17:46"
331,#,#,#,"2022-11-15 23:17:46"
332,#,#,#,"2022-11-15 23:37:17"
333,#,#,#,"2022-11-15 23:52:18"
334,#,#,#,"2022-11-15 23:52:18"
335,#,#,#,"2022-11-15 23:52:18"
336,#,#,#,"2022-11-16 00:29:47"
337,#,#,#,"2022-11-16 00:30:24"
338,#,#,#,"2022-11-16 00:30:26"
339,#,#,#,"2022-11-16 00:30:27"
340,#,#,#,"2022-11-16 00:30:30"
341,#,#,#,"2022-11-16 00:30:33"
342,#,#,#,"2022-11-16 00:30:34"
343,#,#,#,"2022-11-16 00:30:36"
344,#,#,#,"2022-11-16 00:30:38"
345,#,#,#,"2022-11-16 00:30:40"
346,#,#,#,"2022-11-16 00:30:41"
347,#,#,#,"2022-11-16 00:30:44"
348,#,#,#,"2022-11-16 00:30:45"
349,#,#,#,"2022-11-16 00:30:51"
350,#,#,#,"2022-11-16 00:30:55"
351,#,#,#,"2022-11-16 00:30:57"
352,#,#,#,"2022-11-16 00:30:59"
353,#,#,#,"2022-11-16 00:31:01"
354,#,#,#,"2022-11-16 00:31:03"
355,#,#,#,"2022-11-16 00:31:06"
356,#,#,#,"2022-11-16 00:31:09"
357,#,#,#,"2022-11-16 00:31:13"
358,#,#,#,"2022-11-16 00:31:16"
359,#,#,#,"2022-11-16 00:31:17"
360,#,#,#,"2022-11-16 00:31:19"
361,#,#,#,"2022-11-16 00:31:21"
362,#,#,#,"2022-11-16 00:31:23"
363,#,#,#,"2022-11-16 00:31:28"
364,#,#,#,"2022-11-16 00:31:30"
365,#,#,#,"2022-11-16 00:31:33"
366,#,#,#,"2022-11-16 00:31:37"
367,#,#,#,"2022-11-16 00:31:40"
368,#,#,#,"2022-11-16 00:31:43"
369,#,#,#,"2022-11-16 00:31:45"
370,#,#,#,"2022-11-16 00:41:40"
371,#,#,#,"2022-11-16 00:41:42"
372,#,#,#,"2022-11-16 00:41:44"
373,#,#,#,"2022-11-16 00:41:46"
374,#,#,#,"2022-11-16 00:41:48"
375,#,#,#,"2022-11-16 00:41:51"
376,#,#,#,"2022-11-16 00:41:53"
377,#,#,#,"2022-11-16 00:41:55"
378,#,#,#,"2022-11-16 00:41:57"
379,#,#,#,"2022-11-16 00:41:58"
380,#,#,#,"2022-11-16 00:42:00"
381,#,#,#,"2022-11-16 00:42:02"
382,#,#,#,"2022-11-16 00:42:05"
383,#,#,#,"2022-11-16 00:42:06"
384,#,#,#,"2022-11-16 00:42:08"
385,#,#,#,"2022-11-16 00:42:10"
386,#,#,#,"2022-11-16 00:42:11"
387,#,#,#,"2022-11-16 00:42:13"
388,#,#,#,"2022-11-16 00:42:15"
389,#,#,#,"2022-11-16 00:42:16"
390,#,#,#,"2022-11-16 00:42:18"
391,#,#,#,"2022-11-16 00:42:38"
392,#,#,#,"2022-11-16 00:42:41"
393,#,#,#,"2022-11-16 00:42:43"
394,#,#,#,"2022-11-16 00:42:47"
395,#,#,#,"2022-11-16 00:42:52"
396,#,#,#,"2022-11-16 00:42:55"
397,#,#,#,"2022-11-16 00:42:59"
398,#,#,#,"2022-11-16 00:43:02"
399,#,#,#,"2022-11-16 00:43:07"
400,#,#,#,"2022-11-16 00:43:12"
401,#,#,#,"2022-11-16 00:43:14"
402,#,#,#,"2022-11-16 00:43:17"
403,#,#,#,"2022-11-16 00:43:19"
404,#,#,#,"2022-11-16 00:43:22"
405,#,#,#,"2022-11-16 00:43:24"
406,#,#,#,"2022-11-16 00:43:27"
407,#,#,#,"2022-11-16 00:43:29"
408,#,#,#,"2022-11-16 00:43:31"
409,#,#,#,"2022-11-16 00:43:32"
410,#,#,#,"2022-11-16 00:43:34"
411,#,#,#,"2022-11-16 00:43:36"
412,#,#,#,"2022-11-16 00:43:38"
413,#,#,#,"2022-11-16 00:43:40"
414,#,#,#,"2022-11-16 00:43:43"
415,#,#,#,"2022-11-16 00:43:44"
416,#,#,#,"2022-11-16 00:43:47"
417,#,#,#,"2022-11-16 00:43:49"
418,#,#,#,"2022-11-16 00:43:51"
419,#,#,#,"2022-11-16 00:43:54"
420,#,#,#,"2022-11-16 00:43:56"
421,#,#,#,"2022-11-16 00:43:58"
422,#,#,#,"2022-11-16 00:43:59"
423,#,#,#,"2022-11-16 00:44:01"
424,#,#,#,"2022-11-16 00:44:02"
425,#,#,#,"2022-11-16 00:44:05"
426,#,#,#,"2022-11-16 00:44:07"
427,#,#,#,"2022-11-16 00:44:10"
428,#,#,#,"2022-11-16 00:44:13"
429,#,#,#,"2022-11-16 00:44:15"
430,#,#,#,"2022-11-16 00:44:17"
431,#,#,#,"2022-11-16 00:44:19"
432,#,#,#,"2022-11-16 00:44:22"
433,#,#,#,"2022-11-16 00:44:24"
434,#,#,#,"2022-11-16 00:44:25"
435,#,#,#,"2022-11-16 00:44:27"
436,#,#,#,"2022-11-16 00:44:29"
437,#,#,#,"2022-11-16 00:44:31"
438,#,#,#,"2022-11-16 00:44:33"
439,#,#,#,"2022-11-16 00:44:35"
440,#,#,#,"2022-11-16 00:44:37"
441,#,#,#,"2022-11-16 00:44:40"
442,#,#,#,"2022-11-16 00:44:41"
443,#,#,#,"2022-11-16 00:44:44"
444,#,#,#,"2022-11-16 00:44:46"
445,#,#,#,"2022-11-16 00:44:48"
446,#,#,#,"2022-11-16 00:44:50"
447,#,#,#,"2022-11-16 00:44:51"
448,#,#,#,"2022-11-16 00:44:55"
449,#,#,#,"2022-11-16 00:44:57"
450,#,#,#,"2022-11-16 00:44:59"
451,#,#,#,"2022-11-16 00:45:01"
452,#,#,#,"2022-11-16 00:45:02"
453,#,#,#,"2022-11-16 00:45:04"
454,#,#,#,"2022-11-16 00:45:06"
455,#,#,#,"2022-11-16 00:45:08"
456,#,#,#,"2022-11-16 00:45:09"
457,#,#,#,"2022-11-16 00:45:11"
458,#,#,#,"2022-11-16 00:45:14"
459,#,#,#,"2022-11-16 00:45:17"
460,#,#,#,"2022-11-16 00:45:19"
461,#,#,#,"2022-11-16 00:45:21"
462,#,#,#,"2022-11-16 00:45:23"
463,#,#,#,"2022-11-16 00:45:25"
464,#,#,#,"2022-11-16 00:45:27"
465,#,#,#,"2022-11-16 00:45:29"
466,#,#,#,"2022-11-16 00:45:31"
467,#,#,#,"2022-11-16 00:45:32"
468,#,#,#,"2022-11-16 00:45:35"
469,#,#,#,"2022-11-16 00:45:36"
470,#,#,#,"2022-11-16 00:45:38"
471,#,#,#,"2022-11-16 00:45:40"
472,#,#,#,"2022-11-16 00:45:43"
473,#,#,#,"2022-11-16 00:45:44"
474,#,#,#,"2022-11-16 00:45:46"
475,#,#,#,"2022-11-16 00:45:48"
476,#,#,#,"2022-11-16 00:45:50"
477,#,#,#,"2022-11-16 00:45:52"
478,#,#,#,"2022-11-16 00:45:54"
479,#,#,#,"2022-11-16 00:45:57"
480,#,#,#,"2022-11-16 00:45:59"
481,#,#,#,"2022-11-16 00:46:00"
482,#,#,#,"2022-11-16 00:46:02"
483,#,#,#,"2022-11-16 00:46:04"
484,#,#,#,"2022-11-16 00:46:06"
485,#,#,#,"2022-11-16 00:46:07"
486,#,#,#,"2022-11-16 00:46:09"
487,#,#,#,"2022-11-16 00:46:11"
488,#,#,#,"2022-11-16 00:46:12"
489,#,#,#,"2022-11-16 00:46:14"
490,#,#,#,"2022-11-16 00:46:16"
491,#,#,#,"2022-11-16 00:46:18"
492,#,#,#,"2022-11-16 00:46:20"
493,#,#,#,"2022-11-16 00:46:22"
494,#,#,#,"2022-11-16 00:46:23"
495,#,#,#,"2022-11-16 00:46:26"
496,#,#,#,"2022-11-16 00:46:28"
497,#,#,#,"2022-11-16 00:46:30"
498,#,#,#,"2022-11-16 00:46:32"
499,#,#,#,"2022-11-16 00:46:34"
500,#,#,#,"2022-11-16 00:46:36"
501,#,#,#,"2022-11-16 00:46:38"
502,#,#,#,"2022-11-16 00:46:40"
503,#,#,#,"2022-11-16 00:46:43"
504,#,#,#,"2022-11-16 00:46:44"
505,#,#,#,"2022-11-16 00:46:46"
506,#,#,#,"2022-11-16 00:46:48"
507,#,#,#,"2022-11-16 00:46:50"
508,#,#,#,"2022-11-16 00:46:52"
509,#,#,#,"2022-11-16 00:46:54"
510,#,#,#,"2022-11-16 00:46:56"
511,#,#,#,"2022-11-16 00:47:00"
512,#,#,#,"2022-11-16 00:47:02"
513,#,#,#,"2022-11-16 00:47:04"
514,#,#,#,"2022-11-16 00:47:06"
515,#,#,#,"2022-11-16 00:47:07"
516,#,#,#,"2022-11-16 00:47:10"
517,#,#,#,"2022-11-16 00:47:12"
518,#,#,#,"2022-11-16 00:47:14"
519,#,#,#,"2022-11-16 00:47:16"
520,#,#,#,"2022-11-16 00:47:17"
521,#,#,#,"2022-11-16 00:47:19"
522,#,#,#,"2022-11-16 00:47:21"
523,#,#,#,"2022-11-16 00:47:23"
524,#,#,#,"2022-11-16 00:47:27"
525,#,#,#,"2022-11-16 00:47:28"
526,#,#,#,"2022-11-16 00:47:30"
527,#,#,#,"2022-11-16 00:47:32"
528,#,#,#,"2022-11-16 00:47:34"
529,#,#,#,"2022-11-16 00:47:35"
530,#,#,#,"2022-11-16 00:47:37"
531,#,#,#,"2022-11-16 00:47:39"
532,#,#,#,"2022-11-16 00:47:41"
533,#,#,#,"2022-11-16 00:47:43"
534,#,#,#,"2022-11-16 00:47:45"
535,#,#,#,"2022-11-16 00:47:47"
536,#,#,#,"2022-11-16 00:47:49"
537,#,#,#,"2022-11-16 00:47:52"
538,#,#,#,"2022-11-16 00:47:54"
539,#,#,#,"2022-11-16 00:47:56"
540,#,#,#,"2022-11-16 00:47:57"
541,#,#,#,"2022-11-16 00:47:59"
542,#,#,#,"2022-11-16 00:48:01"
543,#,#,#,"2022-11-16 00:48:09"
544,#,#,#,"2022-11-16 00:48:11"
545,#,#,#,"2022-11-16 00:48:13"
546,#,#,#,"2022-11-16 00:48:15"
547,#,#,#,"2022-11-16 00:48:17"
548,#,#,#,"2022-11-16 00:48:19"
549,#,#,#,"2022-11-16 00:48:21"
550,#,#,#,"2022-11-16 00:48:23"
551,#,#,#,"2022-11-16 00:48:27"
552,#,#,#,"2022-11-16 00:48:30"
553,#,#,#,"2022-11-16 00:48:32"
554,#,#,#,"2022-11-16 00:48:34"
555,#,#,#,"2022-11-16 00:48:36"
556,#,#,#,"2022-11-16 00:48:38"
557,#,#,#,"2022-11-16 00:48:39"
558,#,#,#,"2022-11-16 00:48:41"
559,#,#,#,"2022-11-16 00:48:44"
560,#,#,#,"2022-11-16 00:48:46"
561,#,#,#,"2022-11-16 00:48:48"
562,#,#,#,"2022-11-16 00:48:50"
563,#,#,#,"2022-11-16 00:48:52"
564,#,#,#,"2022-11-16 00:48:54"
565,#,#,#,"2022-11-16 00:48:56"
566,#,#,#,"2022-11-16 00:48:58"
567,#,#,#,"2022-11-16 00:48:59"
568,#,#,#,"2022-11-16 00:49:01"
569,#,#,#,"2022-11-16 00:49:02"
570,#,#,#,"2022-11-16 00:49:04"
571,#,#,#,"2022-11-16 00:49:06"
572,#,#,#,"2022-11-16 01:03:37"
573,#,#,#,"2022-11-16 01:07:45"
574,#,#,#,"2022-11-16 01:07:52"
575,#,#,#,"2022-11-16 01:07:53"
576,#,#,#,"2022-11-16 01:07:54"
577,#,#,#,"2022-11-16 01:07:56"
578,#,#,#,"2022-11-16 01:07:57"
579,#,#,#,"2022-11-16 01:07:59"
580,#,#,#,"2022-11-16 01:08:01"
581,#,#,#,"2022-11-16 01:08:02"
582,#,#,#,"2022-11-16 01:08:03"
583,#,#,#,"2022-11-16 01:08:06"
584,#,#,#,"2022-11-16 01:08:07"
585,#,#,#,"2022-11-16 01:08:08"
586,#,#,#,"2022-11-16 01:08:10"
587,#,#,#,"2022-11-16 01:08:11"
588,#,#,#,"2022-11-16 01:08:13"
589,#,#,#,"2022-11-16 01:08:14"
590,#,#,#,"2022-11-16 01:08:15"
591,#,#,#,"2022-11-16 01:08:17"
592,#,#,#,"2022-11-16 01:08:18"
593,#,#,#,"2022-11-16 01:08:20"
594,#,#,#,"2022-11-16 01:08:22"
595,#,#,#,"2022-11-16 01:08:23"
596,#,#,#,"2022-11-16 01:08:25"
597,#,#,#,"2022-11-16 01:08:27"
598,#,#,#,"2022-11-16 01:08:28"
599,#,#,#,"2022-11-16 01:08:30"
600,#,#,#,"2022-11-16 01:08:32"
601,#,#,#,"2022-11-16 01:08:34"
602,#,#,#,"2022-11-16 01:08:35"
603,#,#,#,"2022-11-16 01:08:36"
604,#,#,#,"2022-11-16 01:08:38"
605,#,#,#,"2022-11-16 01:08:39"
606,#,#,#,"2022-11-16 01:08:41"
607,#,#,#,"2022-11-16 01:08:42"
608,#,#,#,"2022-11-16 01:08:43"
609,#,#,#,"2022-11-16 01:08:45"
610,#,#,#,"2022-11-16 01:08:46"
611,#,#,#,"2022-11-16 01:08:48"
612,#,#,#,"2022-11-16 01:08:49"
613,#,#,#,"2022-11-16 01:08:50"
614,#,#,#,"2022-11-16 01:08:52"
615,#,#,#,"2022-11-16 01:08:53"
616,#,#,#,"2022-11-16 01:08:55"
617,#,#,#,"2022-11-16 01:08:56"
618,#,#,#,"2022-11-16 01:08:57"
619,#,#,#,"2022-11-16 01:08:59"
620,#,#,#,"2022-11-16 01:09:02"
621,#,#,#,"2022-11-16 01:09:04"
622,#,#,#,"2022-11-16 01:09:05"
623,#,#,#,"2022-11-16 01:09:07"
624,#,#,#,"2022-11-16 01:09:09"
625,#,#,#,"2022-11-16 01:09:11"
626,#,#,#,"2022-11-16 01:09:12"
627,#,#,#,"2022-11-16 01:09:14"
628,#,#,#,"2022-11-16 01:09:16"
629,#,#,#,"2022-11-16 01:09:17"
630,#,#,#,"2022-11-16 01:09:18"
631,#,#,#,"2022-11-16 01:09:20"
632,#,#,#,"2022-11-16 01:09:22"
633,#,#,#,"2022-11-16 01:09:23"
634,#,#,#,"2022-11-16 01:09:25"
635,#,#,#,"2022-11-16 01:09:26"
636,#,#,#,"2022-11-16 01:09:28"
637,#,#,#,"2022-11-16 01:09:29"
638,#,#,#,"2022-11-16 01:09:31"
639,#,#,#,"2022-11-16 01:09:32"
640,#,#,#,"2022-11-16 01:09:35"
641,#,#,#,"2022-11-16 01:09:37"
642,#,#,#,"2022-11-16 01:09:38"
643,#,#,#,"2022-11-16 01:09:40"
644,#,#,#,"2022-11-16 01:09:41"
645,#,#,#,"2022-11-16 01:09:42"
646,#,#,#,"2022-11-16 01:09:44"
647,#,#,#,"2022-11-16 01:09:45"
648,#,#,#,"2022-11-16 01:09:47"
649,#,#,#,"2022-11-16 01:09:48"
650,#,#,#,"2022-11-16 01:09:50"
651,#,#,#,"2022-11-16 01:09:52"
652,#,#,#,"2022-11-16 01:09:53"
653,#,#,#,"2022-11-16 01:09:54"
654,#,#,#,"2022-11-16 01:09:56"
655,#,#,#,"2022-11-16 01:09:57"
656,#,#,#,"2022-11-16 01:09:59"
657,#,#,#,"2022-11-16 01:10:00"
658,#,#,#,"2022-11-16 01:10:01"
659,#,#,#,"2022-11-16 01:10:04"
660,#,#,#,"2022-11-16 01:10:05"
661,#,#,#,"2022-11-16 01:10:07"
662,#,#,#,"2022-11-16 01:10:09"
663,#,#,#,"2022-11-16 01:10:10"
664,#,#,#,"2022-11-16 01:10:12"
665,#,#,#,"2022-11-16 01:10:13"
666,#,#,#,"2022-11-16 01:10:14"
667,#,#,#,"2022-11-16 01:10:16"
668,#,#,#,"2022-11-16 01:10:17"
669,#,#,#,"2022-11-16 01:10:19"
670,#,#,#,"2022-11-16 01:10:20"
671,#,#,#,"2022-11-16 01:10:22"
672,#,#,#,"2022-11-16 01:10:24"
673,#,#,#,"2022-11-16 01:10:25"
674,#,#,#,"2022-11-16 01:10:26"
675,#,#,#,"2022-11-16 01:10:28"
676,#,#,#,"2022-11-16 01:10:29"
677,#,#,#,"2022-11-16 01:10:31"
678,#,#,#,"2022-11-16 01:10:32"
679,#,#,#,"2022-11-16 01:10:34"
680,#,#,#,"2022-11-16 01:10:35"
681,#,#,#,"2022-11-16 01:10:37"
682,#,#,#,"2022-11-16 01:10:39"
683,#,#,#,"2022-11-16 01:10:41"
684,#,#,#,"2022-11-16 01:10:42"
685,#,#,#,"2022-11-16 01:10:44"
686,#,#,#,"2022-11-16 01:10:45"
687,#,#,#,"2022-11-16 01:10:46"
688,#,#,#,"2022-11-16 01:10:48"
689,#,#,#,"2022-11-16 01:10:49"
690,#,#,#,"2022-11-16 01:10:51"
691,#,#,#,"2022-11-16 01:10:53"
692,#,#,#,"2022-11-16 01:10:55"
693,#,#,#,"2022-11-16 01:10:56"
694,#,#,#,"2022-11-16 01:10:57"
695,#,#,#,"2022-11-16 01:10:59"
696,#,#,#,"2022-11-16 01:11:01"
697,#,#,#,"2022-11-16 01:11:02"
698,#,#,#,"2022-11-16 01:11:04"
699,#,#,#,"2022-11-16 01:11:06"
700,#,#,#,"2022-11-16 01:11:08"
701,#,#,#,"2022-11-16 01:11:10"
702,#,#,#,"2022-11-16 01:11:11"
703,#,#,#,"2022-11-16 01:11:13"
704,#,#,#,"2022-11-16 01:11:14"
705,#,#,#,"2022-11-16 01:11:16"
706,#,#,#,"2022-11-16 01:11:17"
707,#,#,#,"2022-11-16 01:11:19"
708,#,#,#,"2022-11-16 01:11:21"
709,#,#,#,"2022-11-16 01:11:22"
710,#,#,#,"2022-11-16 01:11:23"
711,#,#,#,"2022-11-16 01:11:25"
712,#,#,#,"2022-11-16 01:11:26"
713,#,#,#,"2022-11-16 01:11:28"
714,#,#,#,"2022-11-16 01:11:30"
715,#,#,#,"2022-11-16 01:11:32"
716,#,#,#,"2022-11-16 01:11:34"
717,#,#,#,"2022-11-16 01:11:35"
718,#,#,#,"2022-11-16 01:11:36"
719,#,#,#,"2022-11-16 01:11:39"
720,#,#,#,"2022-11-16 01:11:40"
721,#,#,#,"2022-11-16 01:11:42"
722,#,#,#,"2022-11-16 01:11:43"
723,#,#,#,"2022-11-16 01:11:44"
724,#,#,#,"2022-11-16 01:11:46"
725,#,#,#,"2022-11-16 01:11:47"
726,#,#,#,"2022-11-16 01:11:49"
727,#,#,#,"2022-11-16 01:11:50"
728,#,#,#,"2022-11-16 01:11:52"
729,#,#,#,"2022-11-16 01:11:53"
730,#,#,#,"2022-11-16 01:11:55"
731,#,#,#,"2022-11-16 01:11:56"
732,#,#,#,"2022-11-16 01:11:58"
733,#,#,#,"2022-11-16 01:11:59"
734,#,#,#,"2022-11-16 01:12:00"
735,#,#,#,"2022-11-16 01:12:02"
736,#,#,#,"2022-11-16 01:12:03"
737,#,#,#,"2022-11-16 01:12:06"
738,#,#,#,"2022-11-16 01:12:07"
739,#,#,#,"2022-11-16 01:12:09"
740,#,#,#,"2022-11-16 01:12:10"
741,#,#,#,"2022-11-16 01:12:11"
742,#,#,#,"2022-11-16 01:12:13"
743,#,#,#,"2022-11-16 01:12:14"
744,#,#,#,"2022-11-16 01:12:16"
745,#,#,#,"2022-11-16 01:12:19"
746,#,#,#,"2022-11-16 01:12:20"
747,#,#,#,"2022-11-16 01:12:22"
748,#,#,#,"2022-11-16 01:12:24"
749,#,#,#,"2022-11-16 01:12:25"
750,#,#,#,"2022-11-16 01:12:27"
751,#,#,#,"2022-11-16 01:12:29"
752,#,#,#,"2022-11-16 01:12:31"
753,#,#,#,"2022-11-16 01:12:32"
754,#,#,#,"2022-11-16 01:12:34"
755,#,#,#,"2022-11-16 01:12:35"
756,#,#,#,"2022-11-16 01:12:36"
757,#,#,#,"2022-11-16 01:12:38"
758,#,#,#,"2022-11-16 01:12:39"
759,#,#,#,"2022-11-16 01:12:41"
760,#,#,#,"2022-11-16 01:12:43"
761,#,#,#,"2022-11-16 01:12:44"
762,#,#,#,"2022-11-16 01:12:45"
763,#,#,#,"2022-11-16 01:12:47"
764,#,#,#,"2022-11-16 01:12:48"
765,#,#,#,"2022-11-16 01:12:50"
766,#,#,#,"2022-11-16 01:12:51"
767,#,#,#,"2022-11-16 01:12:53"
768,#,#,#,"2022-11-16 01:12:54"
769,#,#,#,"2022-11-16 01:12:55"
770,#,#,#,"2022-11-16 01:12:57"
771,#,#,#,"2022-11-16 01:12:58"
772,#,#,#,"2022-11-16 01:13:00"
773,#,#,#,"2022-11-16 01:13:01"
774,#,#,#,"2022-11-16 01:13:02"
775,#,#,#,"2022-11-16 01:13:04"
776,#,#,#,"2022-11-16 01:13:06"
777,#,#,#,"2022-11-16 01:13:08"
778,#,#,#,"2022-11-16 01:13:11"
779,#,#,#,"2022-11-16 01:13:12"
780,#,#,#,"2022-11-16 01:13:13"
781,#,#,#,"2022-11-16 01:13:15"
782,#,#,#,"2022-11-16 01:13:16"
783,#,#,#,"2022-11-16 01:13:18"
784,#,#,#,"2022-11-16 01:13:19"
785,#,#,#,"2022-11-16 01:13:20"
786,#,#,#,"2022-11-16 01:13:22"
787,#,#,#,"2022-11-16 01:13:23"
788,#,#,#,"2022-11-16 01:13:25"
789,#,#,#,"2022-11-16 01:13:26"
790,#,#,#,"2022-11-16 01:13:28"
791,#,#,#,"2022-11-16 01:13:30"
792,#,#,#,"2022-11-16 01:13:31"
793,#,#,#,"2022-11-16 01:13:32"
794,#,#,#,"2022-11-16 01:15:12"
795,#,#,#,"2022-11-16 01:15:14"
796,#,#,#,"2022-11-16 01:15:15"
797,#,#,#,"2022-11-16 01:15:17"
798,#,#,#,"2022-11-16 01:15:18"
799,#,#,#,"2022-11-16 01:15:52"
800,#,#,#,"2022-11-16 01:15:57"
801,#,#,#,"2022-11-16 01:16:00"
802,#,#,#,"2022-11-16 01:21:05"
803,#,#,#,"2022-11-16 01:21:10"
804,#,#,#,"2022-11-16 01:21:12"
805,#,#,#,"2022-11-16 01:21:16"
806,#,#,#,"2022-11-16 01:21:17"
807,#,#,#,"2022-11-16 01:21:23"
808,#,#,#,"2022-11-16 01:21:24"
809,#,#,#,"2022-11-16 01:21:28"
810,#,#,#,"2022-11-16 01:21:30"
811,#,#,#,"2022-11-16 01:21:33"
812,#,#,#,"2022-11-16 01:21:35"
813,#,#,#,"2022-11-16 01:21:38"
814,#,#,#,"2022-11-16 01:21:41"
815,#,#,#,"2022-11-16 01:21:43"
816,#,#,#,"2022-11-16 01:21:45"
817,#,#,#,"2022-11-16 01:21:48"
818,#,#,#,"2022-11-16 01:21:49"
819,#,#,#,"2022-11-16 01:21:51"
820,#,#,#,"2022-11-16 01:21:53"
821,#,#,#,"2022-11-16 01:21:58"
822,#,#,#,"2022-11-16 01:21:59"
823,#,#,#,"2022-11-16 01:22:02"
824,#,#,#,"2022-11-16 01:22:06"
825,#,#,#,"2022-11-16 01:22:11"
826,#,#,#,"2022-11-16 02:29:46"
827,#,#,#,"2022-11-16 02:30:15"
828,#,#,#,"2022-11-16 02:30:22"
829,#,#,#,"2022-11-16 02:38:55"
830,#,#,#,"2022-11-16 02:38:58"
831,#,#,#,"2022-11-16 02:39:00"
832,#,#,#,"2022-11-16 02:39:02"
833,#,#,#,"2022-11-16 02:39:04"
834,#,#,#,"2022-11-16 02:39:06"
835,#,#,#,"2022-11-16 02:39:07"
836,#,#,#,"2022-11-16 02:39:08"
837,#,#,#,"2022-11-16 02:39:10"
838,#,#,#,"2022-11-16 02:39:11"
839,#,#,#,"2022-11-16 02:39:12"
840,#,#,#,"2022-11-16 02:39:15"
841,#,#,#,"2022-11-16 02:39:17"
842,#,#,#,"2022-11-16 02:39:21"
843,#,#,#,"2022-11-16 02:40:14"
844,#,#,#,"2022-11-16 02:41:35"
845,#,#,#,"2022-11-16 04:35:15"
846,#,#,#,"2022-11-16 04:35:17"
847,#,#,#,"2022-11-16 04:49:14"
848,#,#,#,"2022-11-16 04:56:56"
849,#,#,#,"2022-11-16 04:57:01"
850,#,#,#,"2022-11-16 04:57:12"
851,#,#,#,"2022-11-16 04:57:19"
852,#,#,#,"2022-11-16 04:57:23"
853,#,#,#,"2022-11-16 04:57:26"
854,#,#,#,"2022-11-16 04:57:35"
855,#,#,#,"2022-11-16 04:57:41"
856,#,#,#,"2022-11-16 04:57:44"
857,#,#,#,"2022-11-16 04:57:49"
858,#,#,#,"2022-11-16 04:57:53"
859,#,#,#,"2022-11-16 04:57:59"
860,#,#,#,"2022-11-16 04:58:08"
861,#,#,#,"2022-11-16 04:58:54"
862,#,#,#,"2022-11-16 04:59:00"
863,#,#,#,"2022-11-16 04:59:01"
864,#,#,#,"2022-11-16 04:59:41"
865,#,#,#,"2022-11-16 05:02:22"
866,#,#,#,"2022-11-16 05:02:24"
867,#,#,#,"2022-11-16 05:02:28"
868,#,#,#,"2022-11-16 05:02:30"
869,#,#,#,"2022-11-16 05:02:33"
870,#,#,#,"2022-11-16 05:02:34"
871,#,#,#,"2022-11-16 05:02:42"
872,#,#,#,"2022-11-16 05:02:42"
873,#,#,#,"2022-11-16 05:02:43"
874,#,#,#,"2022-11-16 05:02:44"
875,#,#,#,"2022-11-16 05:02:45"
876,#,#,#,"2022-11-16 05:02:45"
877,#,#,#,"2022-11-16 05:02:46"
878,#,#,#,"2022-11-16 05:02:48"
879,#,#,#,"2022-11-16 05:02:50"
880,#,#,#,"2022-11-16 05:02:53"
881,#,#,#,"2022-11-16 05:02:54"
882,#,#,#,"2022-11-16 05:02:54"
883,#,#,#,"2022-11-16 05:02:56"
884,#,#,#,"2022-11-16 05:03:02"
885,#,#,#,"2022-11-16 05:03:28"
886,#,#,#,"2022-11-16 05:03:59"
887,#,#,#,"2022-11-16 05:04:02"
888,#,#,#,"2022-11-16 05:04:05"
889,#,#,#,"2022-11-16 05:04:56"
890,#,#,#,"2022-11-16 05:05:11"
891,#,#,#,"2022-11-16 05:05:26"
892,#,#,#,"2022-11-16 05:05:43"
893,#,#,#,"2022-11-16 05:05:45"
894,#,#,#,"2022-11-16 05:05:47"
895,#,#,#,"2022-11-16 05:05:49"
896,#,#,#,"2022-11-16 05:12:36"
897,#,#,#,"2022-11-16 05:12:38"
898,#,#,#,"2022-11-16 05:12:40"
899,#,#,#,"2022-11-16 05:12:43"
900,#,#,#,"2022-11-16 05:12:44"
901,#,#,#,"2022-11-16 05:12:48"
902,#,#,#,"2022-11-16 05:12:50"
903,#,#,#,"2022-11-16 05:12:53"
904,#,#,#,"2022-11-16 05:15:00"
905,#,#,#,"2022-11-16 05:15:02"
906,#,#,#,"2022-11-16 05:16:13"
907,#,#,#,"2022-11-16 05:16:31"
908,#,#,#,"2022-11-16 05:17:13"
909,#,#,#,"2022-11-16 05:17:16"
910,#,#,#,"2022-11-16 05:17:37"
911,#,#,#,"2022-11-16 05:18:21"
912,#,#,#,"2022-11-16 05:18:42"
913,#,#,#,"2022-11-16 05:18:46"
914,#,#,#,"2022-11-16 05:19:09"
915,#,#,#,"2022-11-16 23:58:11"
916,#,#,#,"2022-11-16 23:58:12"
917,#,#,#,"2022-11-17 00:31:25"
918,#,#,#,"2022-11-17 00:55:23"
919,#,#,#,"2022-11-17 00:55:24"
920,#,#,#,"2022-11-17 00:55:26"
921,#,#,#,"2022-11-17 00:55:27"
922,#,#,#,"2022-11-17 00:55:29"
923,#,#,#,"2022-11-17 00:55:30"
924,#,#,#,"2022-11-17 00:55:32"
925,#,#,#,"2022-11-17 00:55:33"
926,#,#,#,"2022-11-17 00:55:35"
927,#,#,#,"2022-11-17 00:55:36"
928,#,#,#,"2022-11-17 00:55:38"
929,#,#,#,"2022-11-17 00:55:39"
930,#,#,#,"2022-11-17 00:55:41"
931,#,#,#,"2022-11-17 00:55:42"
932,#,#,#,"2022-11-17 00:55:44"
933,#,#,#,"2022-11-17 00:55:45"
934,#,#,#,"2022-11-17 00:55:47"
935,#,#,#,"2022-11-17 00:55:48"
936,#,#,#,"2022-11-17 00:55:50"
937,#,#,#,"2022-11-17 00:55:51"
938,#,#,#,"2022-11-17 00:55:53"
939,#,#,#,"2022-11-17 00:55:54"
940,#,#,#,"2022-11-17 00:55:56"
941,#,#,#,"2022-11-17 00:55:57"
942,#,#,#,"2022-11-17 00:55:59"
943,#,#,#,"2022-11-17 00:56:00"
944,#,#,#,"2022-11-17 00:56:02"
945,#,#,#,"2022-11-17 00:56:03"
946,#,#,#,"2022-11-17 00:56:05"
947,#,#,#,"2022-11-17 00:56:06"
948,#,#,#,"2022-11-17 00:56:08"
949,#,#,#,"2022-11-17 00:56:09"
950,#,#,#,"2022-11-17 00:56:11"
951,#,#,#,"2022-11-17 00:56:12"
952,#,#,#,"2022-11-17 00:56:14"
953,#,#,#,"2022-11-17 00:56:15"
954,#,#,#,"2022-11-17 00:56:17"
955,#,#,#,"2022-11-17 00:56:18"
956,#,#,#,"2022-11-17 00:56:20"
957,#,#,#,"2022-11-17 00:56:21"
958,#,#,#,"2022-11-17 00:56:23"
959,#,#,#,"2022-11-17 00:56:24"
960,#,#,#,"2022-11-17 01:19:08"
961,#,#,#,"2022-11-17 01:19:11"
962,#,#,#,"2022-11-17 01:19:37"
963,#,#,#,"2022-11-17 01:19:41"
964,#,#,#,"2022-11-17 01:20:34"
965,#,#,#,"2022-11-17 01:20:37"
966,#,#,#,"2022-11-17 01:20:41"
967,#,#,#,"2022-11-17 01:20:43"
968,#,#,#,"2022-11-17 01:20:46"
969,#,#,#,"2022-11-17 01:20:47"
970,#,#,#,"2022-11-17 01:20:50"
971,#,#,#,"2022-11-17 01:20:52"
972,#,#,#,"2022-11-17 01:20:54"
973,#,#,#,"2022-11-17 01:20:56"
974,#,#,#,"2022-11-17 01:20:57"
975,#,#,#,"2022-11-17 01:21:00"
976,#,#,#,"2022-11-17 01:21:01"
977,#,#,#,"2022-11-17 01:21:02"
978,#,#,#,"2022-11-17 01:21:05"
979,#,#,#,"2022-11-17 01:21:06"
980,#,#,#,"2022-11-17 01:21:07"
981,#,#,#,"2022-11-17 01:21:09"
982,#,#,#,"2022-11-17 01:21:11"
983,#,#,#,"2022-11-17 01:21:15"
984,#,#,#,"2022-11-17 01:21:22"
985,#,#,#,"2022-11-17 01:21:26"
986,#,#,#,"2022-11-17 01:21:28"
987,#,#,#,"2022-11-17 01:21:30"
988,#,#,#,"2022-11-17 01:21:34"
989,#,#,#,"2022-11-17 01:21:37"
990,#,#,#,"2022-11-17 01:21:41"
991,#,#,#,"2022-11-17 01:21:43"
992,#,#,#,"2022-11-17 01:21:46"
993,#,#,#,"2022-11-17 01:21:48"
994,#,#,#,"2022-11-17 01:21:50"
995,#,#,#,"2022-11-17 01:21:51"
996,#,#,#,"2022-11-17 01:21:54"
997,#,#,#,"2022-11-17 01:21:56"
998,#,#,#,"2022-11-17 01:21:58"
999,#,#,#,"2022-11-17 01:21:59"
1000,#,#,#,"2022-11-17 01:22:01"
1001,#,#,#,"2022-11-17 01:22:02"
1002,#,#,#,"2022-11-17 01:22:03"
1003,#,#,#,"2022-11-17 01:22:06"
1004,#,#,#,"2022-11-17 01:22:08"
1005,#,#,#,"2022-11-17 01:22:10"
1006,#,#,#,"2022-11-17 01:23:57"
1007,#,#,#,"2022-11-17 01:24:00"
1008,#,#,#,"2022-11-17 01:24:08"
1009,#,#,#,"2022-11-17 01:24:09"
1010,#,#,#,"2022-11-17 01:24:11"
1011,#,#,#,"2022-11-17 04:36:48"
1012,#,#,#,"2022-11-17 04:36:49"
1013,#,#,#,"2022-11-17 04:36:51"
1014,#,#,#,"2022-11-17 04:36:53"
1015,#,#,#,"2022-11-17 04:36:55"
1016,#,#,#,"2022-11-17 04:36:58"
1017,#,#,#,"2022-11-17 04:36:59"
1018,#,#,#,"2022-11-17 04:37:02"
1019,#,#,#,"2022-11-17 04:37:04"
1020,#,#,#,"2022-11-17 04:37:05"
1021,#,#,#,"2022-11-17 04:37:09"
1022,#,#,#,"2022-11-17 04:37:11"
1023,#,#,#,"2022-11-17 04:37:13"
1024,#,#,#,"2022-11-17 04:37:14"
1025,#,#,#,"2022-11-17 04:37:16"
1026,#,#,#,"2022-11-17 04:37:18"
1027,#,#,#,"2022-11-17 04:37:21"
1028,#,#,#,"2022-11-17 04:37:22"
1029,#,#,#,"2022-11-17 04:37:27"
1030,#,#,#,"2022-11-17 04:37:32"
1031,#,#,#,"2022-11-17 04:37:34"
1032,#,#,#,"2022-11-17 04:37:35"
1033,#,#,#,"2022-11-17 04:37:37"
1034,#,#,#,"2022-11-17 04:37:39"
1035,#,#,#,"2022-11-17 04:37:42"
1036,#,#,#,"2022-11-17 04:37:43"
1037,#,#,#,"2022-11-17 04:37:46"
1038,#,#,#,"2022-11-17 04:37:52"
1039,#,#,#,"2022-11-17 04:37:54"
1040,#,#,#,"2022-11-17 04:37:55"
1041,#,#,#,"2022-11-17 04:39:07"
1042,#,#,#,"2022-11-17 04:39:10"
1043,#,#,#,"2022-11-17 04:39:14"
1044,#,#,#,"2022-11-17 04:39:15"
1045,#,#,#,"2022-11-17 04:39:17"
1046,#,#,#,"2022-11-17 04:39:18"
1047,#,#,#,"2022-11-17 04:39:20"
1048,#,#,#,"2022-11-17 04:47:44"
1049,#,#,#,"2022-11-17 04:51:50"
1050,#,#,#,"2022-11-17 04:51:51"
1051,#,#,#,"2022-11-17 04:51:53"
1052,#,#,#,"2022-11-17 04:51:54"
1053,#,#,#,"2022-11-17 04:51:56"
1054,#,#,#,"2022-11-17 04:51:58"
1055,#,#,#,"2022-11-17 04:52:00"
1056,#,#,#,"2022-11-17 04:52:01"
1057,#,#,#,"2022-11-17 04:52:03"
1058,#,#,#,"2022-11-17 04:52:04"
1059,#,#,#,"2022-11-17 04:52:06"
1060,#,#,#,"2022-11-17 04:52:07"
1061,#,#,#,"2022-11-17 04:52:09"
1062,#,#,#,"2022-11-17 04:52:10"
1063,#,#,#,"2022-11-17 04:52:12"
1064,#,#,#,"2022-11-17 04:52:13"
1065,#,#,#,"2022-11-17 04:52:16"
1066,#,#,#,"2022-11-17 04:52:17"
1067,#,#,#,"2022-11-17 04:52:19"
1068,#,#,#,"2022-11-17 04:52:21"
1069,#,#,#,"2022-11-17 04:52:23"
1070,#,#,#,"2022-11-17 04:52:24"
1071,#,#,#,"2022-11-17 04:52:26"
1072,#,#,#,"2022-11-17 04:52:27"
1073,#,#,#,"2022-11-17 04:52:30"
1074,#,#,#,"2022-11-17 04:52:31"
1075,#,#,#,"2022-11-17 04:52:33"
1076,#,#,#,"2022-11-17 04:52:36"
1077,#,#,#,"2022-11-17 04:52:37"
1078,#,#,#,"2022-11-17 04:52:39"
1079,#,#,#,"2022-11-17 04:52:40"
1080,#,#,#,"2022-11-17 04:52:41"
1081,#,#,#,"2022-11-17 04:52:43"
1082,#,#,#,"2022-11-17 04:52:45"
1083,#,#,#,"2022-11-17 04:52:46"
1084,#,#,#,"2022-11-17 04:52:48"
1085,#,#,#,"2022-11-17 04:52:50"
1086,#,#,#,"2022-11-17 04:52:51"
1087,#,#,#,"2022-11-17 04:52:53"
1088,#,#,#,"2022-11-17 04:52:55"
1089,#,#,#,"2022-11-17 04:52:57"
1090,#,#,#,"2022-11-17 04:52:59"
1091,#,#,#,"2022-11-17 04:53:00"
1092,#,#,#,"2022-11-17 04:53:02"
1093,#,#,#,"2022-11-17 04:53:03"
1094,#,#,#,"2022-11-17 04:53:05"
1095,#,#,#,"2022-11-17 04:53:06"
1096,#,#,#,"2022-11-17 04:53:09"
1097,#,#,#,"2022-11-17 04:53:11"
1098,#,#,#,"2022-11-17 04:53:12"
1099,#,#,#,"2022-11-17 04:53:15"
1100,#,#,#,"2022-11-17 04:53:16"
1101,#,#,#,"2022-11-17 04:53:18"
1102,#,#,#,"2022-11-17 04:53:19"
1103,#,#,#,"2022-11-17 04:53:21"
1104,#,#,#,"2022-11-17 04:53:22"
1105,#,#,#,"2022-11-17 04:53:24"
1106,#,#,#,"2022-11-17 04:53:25"
1107,#,#,#,"2022-11-17 04:53:27"
1108,#,#,#,"2022-11-17 04:53:28"
1109,#,#,#,"2022-11-17 04:53:30"
1110,#,#,#,"2022-11-17 04:53:31"
1111,#,#,#,"2022-11-17 04:53:33"
1112,#,#,#,"2022-11-17 04:53:35"
1113,#,#,#,"2022-11-17 04:53:37"
1114,#,#,#,"2022-11-17 04:53:39"
1115,#,#,#,"2022-11-17 04:53:40"
1116,#,#,#,"2022-11-17 04:53:42"
1117,#,#,#,"2022-11-17 04:53:43"
1118,#,#,#,"2022-11-17 04:53:45"
1119,#,#,#,"2022-11-17 04:53:47"
1120,#,#,#,"2022-11-17 04:53:48"
1121,#,#,#,"2022-11-17 04:53:50"
1122,#,#,#,"2022-11-17 04:53:51"
1123,#,#,#,"2022-11-17 04:53:54"
1124,#,#,#,"2022-11-17 04:53:55"
1125,#,#,#,"2022-11-17 04:53:57"
1126,#,#,#,"2022-11-17 05:00:55"
1127,#,#,#,"2022-11-17 05:10:59"
1128,#,#,#,"2022-11-17 05:11:01"
1129,#,#,#,"2022-11-17 05:11:03"
1130,#,#,#,"2022-11-17 05:11:04"
1131,#,#,#,"2022-11-17 05:11:06"
1132,#,#,#,"2022-11-17 05:11:07"
1133,#,#,#,"2022-11-17 05:11:49"
1134,#,#,#,"2022-11-17 05:11:50"
1135,#,#,#,"2022-11-17 05:24:12"
1136,#,#,#,"2022-11-22 23:42:02"
1137,#,#,#,"2022-11-29 02:04:52"
1138,#,#,#,"2022-11-30 02:47:32"
1139,#,#,#,"2022-11-30 02:50:05"
1140,#,#,#,"2022-11-30 02:59:32"
1141,#,#,#,"2022-11-30 03:04:22"
1143,#,#,#,"2022-11-30 03:08:19"
1144,#,#,#,"2022-11-30 03:08:20"
1145,#,#,#,"2022-11-30 03:08:22"
1146,#,#,#,"2022-11-30 03:08:24"
1147,#,#,#,"2022-11-30 03:08:26"
1148,#,#,#,"2022-11-30 03:08:27"
1149,#,#,#,"2022-11-30 03:09:46"
1150,#,#,#,"2022-11-30 03:11:03"
1151,#,#,#,"2022-11-30 03:11:05"
1152,#,#,#,"2022-11-30 03:11:07"
1153,#,#,#,"2022-11-30 03:11:09"
1154,#,#,#,"2022-11-30 03:11:11"
1155,#,#,#,"2022-11-30 03:11:14"
1156,#,#,#,"2022-11-30 03:11:16"
1157,#,#,#,"2022-11-30 03:11:19"
1158,#,#,#,"2022-11-30 03:11:21"
1159,#,#,#,"2022-11-30 03:11:23"
1160,#,#,#,"2022-11-30 03:11:25"
1161,#,#,#,"2022-11-30 03:11:26"
1162,#,#,#,"2022-11-30 03:12:29"
1164,#,#,#,"2022-11-30 03:14:17"
1165,#,#,#,"2022-11-30 03:14:43"
1166,#,#,#,"2022-11-30 03:21:06"
1167,#,#,#,"2022-11-30 03:23:32"
1168,#,#,#,"2022-11-30 03:23:34"
1169,#,#,#,"2022-11-30 03:23:44"
1170,#,#,#,"2022-11-30 03:23:45"
1171,#,#,#,"2022-11-30 03:23:47"
1172,#,#,#,"2022-11-30 03:23:49"
1173,#,#,#,"2022-11-30 03:23:51"
1174,#,#,#,"2022-11-30 03:23:52"
1175,#,#,#,"2022-11-30 03:23:54"
1176,#,#,#,"2022-11-30 03:24:40"
1177,#,#,#,"2022-11-30 03:24:42"
1178,#,#,#,"2022-11-30 03:24:43"
1179,#,#,#,"2022-11-30 03:24:47"
1180,#,#,#,"2022-11-30 03:24:49"
1181,#,#,#,"2022-11-30 03:24:50"
1182,#,#,#,"2022-11-30 03:24:52"
1183,#,#,#,"2022-11-30 03:24:56"
1184,#,#,#,"2022-11-30 03:24:57"
1185,#,#,#,"2022-11-30 03:24:59"
1186,#,#,#,"2022-11-30 03:25:04"
1187,#,#,#,"2022-11-30 03:25:08"
1188,#,#,#,"2022-11-30 03:25:19"
1189,#,#,#,"2022-11-30 03:25:21"
1190,#,#,#,"2022-11-30 03:25:22"
1191,#,#,#,"2022-11-30 03:25:24"
1192,#,#,#,"2022-11-30 03:25:26"
1193,#,#,#,"2022-11-30 03:25:27"
1194,#,#,#,"2022-11-30 03:25:29"
1195,#,#,#,"2022-11-30 03:25:32"
1196,#,#,#,"2022-11-30 03:25:33"
1197,#,#,#,"2022-11-30 03:25:35"
1198,#,#,#,"2022-11-30 03:25:39"
1199,#,#,#,"2022-11-30 03:25:40"
1200,#,#,#,"2022-11-30 03:25:42"
1201,#,#,#,"2022-11-30 03:25:45"
1202,#,#,#,"2022-11-30 03:25:49"
1203,#,#,#,"2022-11-30 03:25:51"
1204,#,#,#,"2022-11-30 03:25:56"
1205,#,#,#,"2022-11-30 03:25:58"
1206,#,#,#,"2022-11-30 03:26:03"
1207,#,#,#,"2022-11-30 03:26:05"
1208,#,#,#,"2022-11-30 03:26:08"
1209,#,#,#,"2022-11-30 03:26:10"
1210,#,#,#,"2022-11-30 03:26:46"
1211,#,#,#,"2022-11-30 03:26:48"
1212,#,#,#,"2022-11-30 03:26:50"
1213,#,#,#,"2022-11-30 03:30:21"
1214,#,#,#,"2022-11-30 03:31:51"
1215,#,#,#,"2022-11-30 03:31:53"
1216,#,#,#,"2022-11-30 03:31:58"
1217,#,#,#,"2022-11-30 03:32:05"
1218,#,#,#,"2022-11-30 03:32:16"
1219,#,#,#,"2022-11-30 03:32:17"
1220,#,#,#,"2022-11-30 03:32:21"
1221,#,#,#,"2022-11-30 03:32:26"
1222,#,#,#,"2022-11-30 03:32:31"
1223,#,#,#,"2022-11-30 03:32:38"
1224,#,#,#,"2022-11-30 03:32:40"
1225,#,#,#,"2022-11-30 03:32:42"
1226,#,#,#,"2022-11-30 03:32:43"
1227,#,#,#,"2022-11-30 03:35:50"
1228,#,#,#,"2022-11-30 03:35:52"
1229,#,#,#,"2022-11-30 03:35:55"
1230,#,#,#,"2022-11-30 03:35:57"
1231,#,#,#,"2022-11-30 03:35:59"
1232,#,#,#,"2022-11-30 03:36:00"
1233,#,#,#,"2022-11-30 03:36:02"
1234,#,#,#,"2022-11-30 03:36:04"
1235,#,#,#,"2022-11-30 03:36:06"
1236,#,#,#,"2022-11-30 03:36:07"
1237,#,#,#,"2022-11-30 03:36:09"
1238,#,#,#,"2022-11-30 03:36:11"
1239,#,#,#,"2022-11-30 03:36:13"
1240,#,#,#,"2022-11-30 03:36:14"
1241,#,#,#,"2022-11-30 03:36:16"
1242,#,#,#,"2022-11-30 03:36:18"
1243,#,#,#,"2022-11-30 03:36:20"
1244,#,#,#,"2022-11-30 03:36:21"
1245,#,#,#,"2022-11-30 03:36:23"
1246,#,#,#,"2022-11-30 03:36:25"
1247,#,#,#,"2022-11-30 03:36:27"
1248,#,#,#,"2022-11-30 03:36:28"
1249,#,#,#,"2022-11-30 03:36:30"
1250,#,#,#,"2022-11-30 03:36:32"
1251,#,#,#,"2022-11-30 03:36:34"
1252,#,#,#,"2022-11-30 03:36:35"
1253,#,#,#,"2022-11-30 03:36:37"
1254,#,#,#,"2022-11-30 03:36:39"
1255,#,#,#,"2022-11-30 03:36:41"
1256,#,#,#,"2022-11-30 03:36:42"
1257,#,#,#,"2022-11-30 03:36:44"
1258,#,#,#,"2022-11-30 03:36:46"
1259,#,#,#,"2022-11-30 03:36:49"
1260,#,#,#,"2022-11-30 03:36:51"
1261,#,#,#,"2022-11-30 03:36:53"
1262,#,#,#,"2022-11-30 03:36:54"
1263,#,#,#,"2022-11-30 03:36:56"
1264,#,#,#,"2022-11-30 03:36:58"
1265,#,#,#,"2022-11-30 03:37:00"
1266,#,#,#,"2022-11-30 03:37:02"
1267,#,#,#,"2022-11-30 03:37:04"
1268,#,#,#,"2022-11-30 03:37:06"
1269,#,#,#,"2022-11-30 03:37:08"
1270,#,#,#,"2022-11-30 03:37:09"
1271,#,#,#,"2022-11-30 03:37:17"
1272,#,#,#,"2022-11-30 03:37:19"
1273,#,#,#,"2022-11-30 03:37:20"
1274,#,#,#,"2022-11-30 03:37:22"
1275,#,#,#,"2022-11-30 03:37:24"
1276,#,#,#,"2022-11-30 03:37:26"
1277,#,#,#,"2022-11-30 03:37:27"
1278,#,#,#,"2022-11-30 03:37:29"
1279,#,#,#,"2022-11-30 03:37:31"
1280,#,#,#,"2022-11-30 03:37:33"
1281,#,#,#,"2022-11-30 03:37:36"
1282,#,#,#,"2022-11-30 03:37:38"
1283,#,#,#,"2022-11-30 03:37:40"
1284,#,#,#,"2022-11-30 03:37:41"
1285,#,#,#,"2022-11-30 03:37:43"
1286,#,#,#,"2022-11-30 03:37:45"
1287,#,#,#,"2022-11-30 03:37:47"
1288,#,#,#,"2022-11-30 03:37:49"
1289,#,#,#,"2022-11-30 03:37:50"
1290,#,#,#,"2022-11-30 03:37:52"
1291,#,#,#,"2022-11-30 03:37:54"
1292,#,#,#,"2022-11-30 03:37:56"
1293,#,#,#,"2022-11-30 03:37:57"
1294,#,#,#,"2022-11-30 03:37:59"
1295,#,#,#,"2022-11-30 03:38:01"
1296,#,#,#,"2022-11-30 03:38:03"
1297,#,#,#,"2022-11-30 03:38:04"
1298,#,#,#,"2022-11-30 03:38:06"
1299,#,#,#,"2022-11-30 03:38:08"
1300,#,#,#,"2022-11-30 03:38:10"
1301,#,#,#,"2022-11-30 03:38:11"
1302,#,#,#,"2022-11-30 03:38:13"
1303,#,#,#,"2022-11-30 03:38:15"
1304,#,#,#,"2022-11-30 03:38:17"
1305,#,#,#,"2022-11-30 03:38:18"
1306,#,#,#,"2022-11-30 03:38:20"
1307,#,#,#,"2022-11-30 03:38:22"
1308,#,#,#,"2022-11-30 03:38:25"
1309,#,#,#,"2022-11-30 03:38:27"
1310,#,#,#,"2022-11-30 03:38:29"
1311,#,#,#,"2022-11-30 03:38:31"
1312,#,#,#,"2022-11-30 03:38:33"
1313,#,#,#,"2022-11-30 03:38:35"
1314,#,#,#,"2022-11-30 03:38:36"
1315,#,#,#,"2022-11-30 03:38:38"
1316,#,#,#,"2022-11-30 03:38:40"
1317,#,#,#,"2022-11-30 03:38:44"
1318,#,#,#,"2022-11-30 03:38:45"
1319,#,#,#,"2022-11-30 03:38:47"
1320,#,#,#,"2022-11-30 03:38:49"
1321,#,#,#,"2022-11-30 03:38:51"
1322,#,#,#,"2022-11-30 03:38:53"
1323,#,#,#,"2022-11-30 03:41:44"
1324,#,#,#,"2022-11-30 03:41:46"
1325,#,#,#,"2022-11-30 03:41:47"
1326,#,#,#,"2022-11-30 03:41:54"
1327,#,#,#,"2022-11-30 03:41:57"
1328,#,#,#,"2022-11-30 03:42:02"
1329,#,#,#,"2022-11-30 03:48:17"
1330,#,#,#,"2022-11-30 03:48:19"
1331,#,#,#,"2022-11-30 03:48:21"
1332,#,#,#,"2022-11-30 03:48:22"
1333,#,#,#,"2022-11-30 03:48:24"
1334,#,#,#,"2022-11-30 03:48:26"
1335,#,#,#,"2022-11-30 03:48:28"
1336,#,#,#,"2022-11-30 03:48:31"
1337,#,#,#,"2022-11-30 03:48:33"
1338,#,#,#,"2022-11-30 03:48:35"
1339,#,#,#,"2022-11-30 03:48:37"
1340,#,#,#,"2022-11-30 03:48:38"
1341,#,#,#,"2022-11-30 03:48:40"
1342,#,#,#,"2022-11-30 03:48:42"
1343,#,#,#,"2022-11-30 03:48:44"
1344,#,#,#,"2022-11-30 03:48:46"
1345,#,#,#,"2022-11-30 03:48:47"
1346,#,#,#,"2022-11-30 03:48:49"
1347,#,#,#,"2022-11-30 03:48:51"
1348,#,#,#,"2022-11-30 03:48:53"
1349,#,#,#,"2022-11-30 03:48:55"
1350,#,#,#,"2022-11-30 03:48:56"
1351,#,#,#,"2022-11-30 03:48:58"
1352,#,#,#,"2022-11-30 03:49:00"
1353,#,#,#,"2022-11-30 03:49:02"
1354,#,#,#,"2022-11-30 03:49:03"
1355,#,#,#,"2022-11-30 03:49:05"
1356,#,#,#,"2022-11-30 03:49:07"
1357,#,#,#,"2022-11-30 03:49:09"
1358,#,#,#,"2022-11-30 03:49:11"
1359,#,#,#,"2022-11-30 03:49:12"
1360,#,#,#,"2022-11-30 03:49:14"
1361,#,#,#,"2022-11-30 03:49:16"
1362,#,#,#,"2022-11-30 03:49:18"
1363,#,#,#,"2022-11-30 03:49:19"
1364,#,#,#,"2022-11-30 03:49:21"
1365,#,#,#,"2022-11-30 03:49:23"
1366,#,#,#,"2022-11-30 03:49:25"
1367,#,#,#,"2022-11-30 03:49:27"
1368,#,#,#,"2022-11-30 03:49:28"
1369,#,#,#,"2022-11-30 03:49:30"
1370,#,#,#,"2022-11-30 03:49:32"
1371,#,#,#,"2022-11-30 03:49:34"
1372,#,#,#,"2022-11-30 03:49:35"
1373,#,#,#,"2022-11-30 03:49:37"
1374,#,#,#,"2022-11-30 03:49:39"
1375,#,#,#,"2022-11-30 03:49:41"
1376,#,#,#,"2022-11-30 03:49:43"
1377,#,#,#,"2022-11-30 03:49:44"
1378,#,#,#,"2022-11-30 03:49:46"
1379,#,#,#,"2022-11-30 03:49:48"
1380,#,#,#,"2022-11-30 03:49:50"
1381,#,#,#,"2022-11-30 03:49:51"
1382,#,#,#,"2022-11-30 03:49:53"
1383,#,#,#,"2022-11-30 03:49:55"
1384,#,#,#,"2022-11-30 03:49:57"
1385,#,#,#,"2022-11-30 03:49:59"
1386,#,#,#,"2022-11-30 03:50:00"
1387,#,#,#,"2022-11-30 03:50:08"
1388,#,#,#,"2022-11-30 03:50:10"
1389,#,#,#,"2022-11-30 03:50:11"
1390,#,#,#,"2022-11-30 03:50:13"
1391,#,#,#,"2022-11-30 03:50:17"
1392,#,#,#,"2022-11-30 03:50:19"
1393,#,#,#,"2022-11-30 03:50:20"
1394,#,#,#,"2022-11-30 03:50:24"
1395,#,#,#,"2022-11-30 03:50:26"
1396,#,#,#,"2022-11-30 03:50:27"
1397,#,#,#,"2022-11-30 03:50:29"
1398,#,#,#,"2022-11-30 03:50:31"
1399,#,#,#,"2022-11-30 03:50:33"
1400,#,#,#,"2022-11-30 03:50:35"
1401,#,#,#,"2022-11-30 03:50:36"
1402,#,#,#,"2022-11-30 03:50:38"
1403,#,#,#,"2022-11-30 03:50:38"
1404,#,#,#,"2022-11-30 03:50:39"
1405,#,#,#,"2022-11-30 03:50:41"
1406,#,#,#,"2022-11-30 03:50:43"
1407,#,#,#,"2022-11-30 03:50:46"
1408,#,#,#,"2022-11-30 03:50:47"
1409,#,#,#,"2022-11-30 03:50:51"
1410,#,#,#,"2022-11-30 03:50:53"
1411,#,#,#,"2022-11-30 03:50:55"
1412,#,#,#,"2022-11-30 03:50:56"
1413,#,#,#,"2022-11-30 03:50:58"
1414,#,#,#,"2022-11-30 03:51:00"
1415,#,#,#,"2022-11-30 03:51:02"
1416,#,#,#,"2022-11-30 03:51:04"
1417,#,#,#,"2022-11-30 03:51:06"
1418,#,#,#,"2022-11-30 03:51:07"
1419,#,#,#,"2022-11-30 03:51:09"
1420,#,#,#,"2022-11-30 03:51:11"
1421,#,#,#,"2022-11-30 03:51:13"
1422,#,#,#,"2022-11-30 03:51:15"
1423,#,#,#,"2022-11-30 03:51:16"
1424,#,#,#,"2022-11-30 03:51:18"
1425,#,#,#,"2022-11-30 03:51:20"
1426,#,#,#,"2022-11-30 03:51:22"
1427,#,#,#,"2022-11-30 03:51:23"
1428,#,#,#,"2022-11-30 03:51:25"
1429,#,#,#,"2022-11-30 03:51:27"
1430,#,#,#,"2022-11-30 03:51:29"
1431,#,#,#,"2022-11-30 03:51:30"
1432,#,#,#,"2022-11-30 03:51:32"
1433,#,#,#,"2022-11-30 03:52:04"
1434,#,#,#,"2022-11-30 03:52:07"
1435,#,#,#,"2022-11-30 03:52:08"
1436,#,#,#,"2022-11-30 03:52:09"
1437,#,#,#,"2022-11-30 03:52:10"
1438,#,#,#,"2022-11-30 03:52:12"
1439,#,#,#,"2022-11-30 03:52:13"
1440,#,#,#,"2022-11-30 03:52:14"
1441,#,#,#,"2022-11-30 03:52:15"
1442,#,#,#,"2022-11-30 03:52:17"
1443,#,#,#,"2022-11-30 03:52:18"
1444,#,#,#,"2022-11-30 03:52:19"
1445,#,#,#,"2022-11-30 03:52:20"
1446,#,#,#,"2022-11-30 03:52:21"
1447,#,#,#,"2022-11-30 03:52:22"
1448,#,#,#,"2022-11-30 03:52:23"
1449,#,#,#,"2022-11-30 03:52:24"
1450,#,#,#,"2022-11-30 03:52:25"
1451,#,#,#,"2022-11-30 03:52:26"
1452,#,#,#,"2022-11-30 03:52:27"
1453,#,#,#,"2022-11-30 03:52:28"
1454,#,#,#,"2022-11-30 03:52:29"
1455,#,#,#,"2022-11-30 03:52:30"
1456,#,#,#,"2022-11-30 03:52:31"
1457,#,#,#,"2022-11-30 03:52:31"
1458,#,#,#,"2022-11-30 03:52:32"
1459,#,#,#,"2022-11-30 03:52:33"
1460,#,#,#,"2022-11-30 03:52:34"
1461,#,#,#,"2022-11-30 03:52:35"
1462,#,#,#,"2022-11-30 03:52:36"
1463,#,#,#,"2022-11-30 03:52:37"
1464,#,#,#,"2022-11-30 03:52:38"
1465,#,#,#,"2022-11-30 03:52:38"
1466,#,#,#,"2022-11-30 03:52:41"
1467,#,#,#,"2022-11-30 03:52:42"
1468,#,#,#,"2022-11-30 03:52:44"
1469,#,#,#,"2022-11-30 03:52:45"
1470,#,#,#,"2022-11-30 03:52:47"
1471,#,#,#,"2022-11-30 03:52:48"
1472,#,#,#,"2022-11-30 03:52:49"
1473,#,#,#,"2022-11-30 03:52:51"
1474,#,#,#,"2022-11-30 03:52:52"
1475,#,#,#,"2022-11-30 03:52:53"
1476,#,#,#,"2022-11-30 03:52:54"
1477,#,#,#,"2022-11-30 03:52:56"
1478,#,#,#,"2022-11-30 03:52:57"
1479,#,#,#,"2022-11-30 03:52:58"
1480,#,#,#,"2022-11-30 03:52:59"
1481,#,#,#,"2022-11-30 03:53:01"
1482,#,#,#,"2022-11-30 03:53:02"
1483,#,#,#,"2022-11-30 03:53:03"
1484,#,#,#,"2022-11-30 03:53:05"
1485,#,#,#,"2022-11-30 03:53:06"
1486,#,#,#,"2022-11-30 03:53:07"
1487,#,#,#,"2022-11-30 03:53:08"
1488,#,#,#,"2022-11-30 03:53:09"
1489,#,#,#,"2022-11-30 03:53:10"
1490,#,#,#,"2022-11-30 03:53:11"
1491,#,#,#,"2022-11-30 03:53:12"
1492,#,#,#,"2022-11-30 03:53:14"
1493,#,#,#,"2022-11-30 03:53:15"
1494,#,#,#,"2022-11-30 03:53:16"
1495,#,#,#,"2022-11-30 03:53:17"
1496,#,#,#,"2022-11-30 03:53:18"
1497,#,#,#,"2022-11-30 03:53:21"
1498,#,#,#,"2022-11-30 03:53:22"
1499,#,#,#,"2022-11-30 03:53:22"
1500,#,#,#,"2022-11-30 03:53:23"
1501,#,#,#,"2022-11-30 03:53:24"
1502,#,#,#,"2022-11-30 03:53:25"
1503,#,#,#,"2022-11-30 03:53:26"
1504,#,#,#,"2022-11-30 03:53:28"
1505,#,#,#,"2022-11-30 03:53:29"
1506,#,#,#,"2022-11-30 03:53:29"
1507,#,#,#,"2022-11-30 03:53:31"
1508,#,#,#,"2022-11-30 03:53:32"
1509,#,#,#,"2022-11-30 03:53:33"
1510,#,#,#,"2022-11-30 03:53:34"
1511,#,#,#,"2022-11-30 03:53:35"
1512,#,#,#,"2022-11-30 03:53:36"
1513,#,#,#,"2022-11-30 03:53:38"
1514,#,#,#,"2022-11-30 03:53:40"
1515,#,#,#,"2022-11-30 03:53:42"
1516,#,#,#,"2022-11-30 03:53:43"
1517,#,#,#,"2022-11-30 03:53:44"
1518,#,#,#,"2022-11-30 03:53:45"
1519,#,#,#,"2022-11-30 03:53:46"
1520,#,#,#,"2022-11-30 03:53:47"
1521,#,#,#,"2022-11-30 03:53:49"
1522,#,#,#,"2022-11-30 03:53:50"
1523,#,#,#,"2022-11-30 03:53:51"
1524,#,#,#,"2022-11-30 03:53:52"
1525,#,#,#,"2022-11-30 03:53:54"
1526,#,#,#,"2022-11-30 03:53:56"
1527,#,#,#,"2022-11-30 03:53:58"
1528,#,#,#,"2022-11-30 03:53:59"
1529,#,#,#,"2022-11-30 03:54:01"
1530,#,#,#,"2022-11-30 03:54:03"
1531,#,#,#,"2022-11-30 03:54:05"
1532,#,#,#,"2022-11-30 03:54:06"
1533,#,#,#,"2022-11-30 03:54:07"
1534,#,#,#,"2022-11-30 03:54:08"
1535,#,#,#,"2022-11-30 03:54:10"
1536,#,#,#,"2022-11-30 03:54:12"
1537,#,#,#,"2022-11-30 03:54:13"
1538,#,#,#,"2022-11-30 03:54:15"
1539,#,#,#,"2022-11-30 03:54:16"
1540,#,#,#,"2022-11-30 03:54:17"
1541,#,#,#,"2022-11-30 03:54:19"
1542,#,#,#,"2022-11-30 03:54:20"
1543,#,#,#,"2022-11-30 03:54:20"
1544,#,#,#,"2022-11-30 03:54:22"
1545,#,#,#,"2022-11-30 03:54:23"
1546,#,#,#,"2022-11-30 03:54:24"
1547,#,#,#,"2022-11-30 03:54:26"
1548,#,#,#,"2022-11-30 03:54:27"
1549,#,#,#,"2022-11-30 03:54:28"
1550,#,#,#,"2022-11-30 03:54:29"
1551,#,#,#,"2022-11-30 03:54:30"
1552,#,#,#,"2022-11-30 03:54:31"
1553,#,#,#,"2022-11-30 03:54:34"
1554,#,#,#,"2022-11-30 03:54:34"
1555,#,#,#,"2022-11-30 03:54:37"
1556,#,#,#,"2022-11-30 03:54:37"
1557,#,#,#,"2022-11-30 03:54:39"
1558,#,#,#,"2022-11-30 03:54:41"
1559,#,#,#,"2022-11-30 03:54:43"
1560,#,#,#,"2022-11-30 03:54:43"
1561,#,#,#,"2022-11-30 03:54:45"
1562,#,#,#,"2022-11-30 03:54:45"
1563,#,#,#,"2022-11-30 03:54:46"
1564,#,#,#,"2022-11-30 03:54:48"
1565,#,#,#,"2022-11-30 03:54:50"
1566,#,#,#,"2022-11-30 03:54:52"
1567,#,#,#,"2022-11-30 03:54:53"
1568,#,#,#,"2022-11-30 03:54:53"
1569,#,#,#,"2022-11-30 03:54:55"
1570,#,#,#,"2022-11-30 03:54:55"
1571,#,#,#,"2022-11-30 03:54:57"
1572,#,#,#,"2022-11-30 03:54:57"
1573,#,#,#,"2022-11-30 03:54:59"
1574,#,#,#,"2022-11-30 03:55:00"
1575,#,#,#,"2022-11-30 03:55:01"
1576,#,#,#,"2022-11-30 03:55:02"
1577,#,#,#,"2022-11-30 03:55:04"
1578,#,#,#,"2022-11-30 03:55:06"
1579,#,#,#,"2022-11-30 03:55:08"
1580,#,#,#,"2022-11-30 03:55:09"
1581,#,#,#,"2022-11-30 03:55:09"
1582,#,#,#,"2022-11-30 03:55:11"
1583,#,#,#,"2022-11-30 03:55:13"
1584,#,#,#,"2022-11-30 03:55:13"
1585,#,#,#,"2022-11-30 03:55:15"
1586,#,#,#,"2022-11-30 03:55:15"
1587,#,#,#,"2022-11-30 03:55:16"
1588,#,#,#,"2022-11-30 03:55:18"
1589,#,#,#,"2022-11-30 03:55:20"
1590,#,#,#,"2022-11-30 03:55:20"
1591,#,#,#,"2022-11-30 03:55:21"
1592,#,#,#,"2022-11-30 03:55:22"
1593,#,#,#,"2022-11-30 03:55:23"
1594,#,#,#,"2022-11-30 03:55:30"
1595,#,#,#,"2022-11-30 03:55:30"
1596,#,#,#,"2022-11-30 03:55:32"
1597,#,#,#,"2022-11-30 03:55:34"
1598,#,#,#,"2022-11-30 03:55:34"
1599,#,#,#,"2022-11-30 03:55:35"
1600,#,#,#,"2022-11-30 03:55:35"
1601,#,#,#,"2022-11-30 03:55:37"
1602,#,#,#,"2022-11-30 03:55:39"
1603,#,#,#,"2022-11-30 03:55:41"
1604,#,#,#,"2022-11-30 03:55:41"
1605,#,#,#,"2022-11-30 03:55:42"
1606,#,#,#,"2022-11-30 03:55:42"
1607,#,#,#,"2022-11-30 03:55:44"
1608,#,#,#,"2022-11-30 03:55:44"
1609,#,#,#,"2022-11-30 03:55:46"
1610,#,#,#,"2022-11-30 03:55:47"
1611,#,#,#,"2022-11-30 03:55:48"
1612,#,#,#,"2022-11-30 03:55:49"
1613,#,#,#,"2022-11-30 03:55:52"
1614,#,#,#,"2022-11-30 03:55:53"
1615,#,#,#,"2022-11-30 03:55:54"
1616,#,#,#,"2022-11-30 03:55:55"
1617,#,#,#,"2022-11-30 03:55:56"
1618,#,#,#,"2022-11-30 03:55:57"
1619,#,#,#,"2022-11-30 03:55:57"
1620,#,#,#,"2022-11-30 03:55:59"
1621,#,#,#,"2022-11-30 03:55:59"
1622,#,#,#,"2022-11-30 03:56:00"
1623,#,#,#,"2022-11-30 03:56:01"
1624,#,#,#,"2022-11-30 03:56:02"
1625,#,#,#,"2022-11-30 03:56:03"
1626,#,#,#,"2022-11-30 03:56:04"
1627,#,#,#,"2022-11-30 03:56:04"
1628,#,#,#,"2022-11-30 03:56:05"
1629,#,#,#,"2022-11-30 03:56:06"
1630,#,#,#,"2022-11-30 03:56:07"
1631,#,#,#,"2022-11-30 03:56:08"
1632,#,#,#,"2022-11-30 03:56:09"
1633,#,#,#,"2022-11-30 03:56:09"
1634,#,#,#,"2022-11-30 03:56:11"
1635,#,#,#,"2022-11-30 03:56:11"
1636,#,#,#,"2022-11-30 03:56:13"
1637,#,#,#,"2022-11-30 03:56:15"
1638,#,#,#,"2022-11-30 03:56:18"
1639,#,#,#,"2022-11-30 03:56:18"
1640,#,#,#,"2022-11-30 03:56:21"
1641,#,#,#,"2022-11-30 03:56:22"
1642,#,#,#,"2022-11-30 03:56:25"
1643,#,#,#,"2022-11-30 03:56:26"
1644,#,#,#,"2022-11-30 03:56:27"
1645,#,#,#,"2022-11-30 03:56:29"
1646,#,#,#,"2022-11-30 03:56:30"
1647,#,#,#,"2022-11-30 03:56:30"
1648,#,#,#,"2022-11-30 03:56:31"
1649,#,#,#,"2022-11-30 03:56:32"
1650,#,#,#,"2022-11-30 03:56:34"
1651,#,#,#,"2022-11-30 03:56:35"
1652,#,#,#,"2022-11-30 03:56:35"
1653,#,#,#,"2022-11-30 03:56:37"
1654,#,#,#,"2022-11-30 03:56:37"
1655,#,#,#,"2022-11-30 03:56:38"
1656,#,#,#,"2022-11-30 03:56:39"
1657,#,#,#,"2022-11-30 03:56:41"
1658,#,#,#,"2022-11-30 03:56:42"
1659,#,#,#,"2022-11-30 03:56:42"
1660,#,#,#,"2022-11-30 03:56:44"
1661,#,#,#,"2022-11-30 03:56:44"
1662,#,#,#,"2022-11-30 03:56:45"
1663,#,#,#,"2022-11-30 03:56:46"
1664,#,#,#,"2022-11-30 03:56:48"
1665,#,#,#,"2022-11-30 03:56:49"
1666,#,#,#,"2022-11-30 03:56:49"
1667,#,#,#,"2022-11-30 03:56:51"
1668,#,#,#,"2022-11-30 03:56:52"
1669,#,#,#,"2022-11-30 03:56:53"
1670,#,#,#,"2022-11-30 03:56:54"
1671,#,#,#,"2022-11-30 03:56:55"
1672,#,#,#,"2022-11-30 03:56:56"
1673,#,#,#,"2022-11-30 03:56:58"
1674,#,#,#,"2022-11-30 03:56:58"
1675,#,#,#,"2022-11-30 03:57:00"
1676,#,#,#,"2022-11-30 03:57:01"
1677,#,#,#,"2022-11-30 03:57:02"
1678,#,#,#,"2022-11-30 03:57:03"
1679,#,#,#,"2022-11-30 03:57:07"
1680,#,#,#,"2022-11-30 03:57:08"
1681,#,#,#,"2022-11-30 03:57:09"
1682,#,#,#,"2022-11-30 03:57:11"
1683,#,#,#,"2022-11-30 03:57:12"
1684,#,#,#,"2022-11-30 03:57:14"
1685,#,#,#,"2022-11-30 03:57:14"
1686,#,#,#,"2022-11-30 03:57:15"
1687,#,#,#,"2022-11-30 03:57:16"
1688,#,#,#,"2022-11-30 03:57:17"
1689,#,#,#,"2022-11-30 03:57:18"
1690,#,#,#,"2022-11-30 03:57:19"
1691,#,#,#,"2022-11-30 03:57:21"
1692,#,#,#,"2022-11-30 03:57:21"
1693,#,#,#,"2022-11-30 03:57:23"
1694,#,#,#,"2022-11-30 03:57:23"
1695,#,#,#,"2022-11-30 03:57:24"
1696,#,#,#,"2022-11-30 03:57:25"
1697,#,#,#,"2022-11-30 03:57:26"
1698,#,#,#,"2022-11-30 03:57:28"
1699,#,#,#,"2022-11-30 03:57:30"
1700,#,#,#,"2022-11-30 03:57:32"
1701,#,#,#,"2022-11-30 03:57:33"
1702,#,#,#,"2022-11-30 03:57:34"
1703,#,#,#,"2022-11-30 03:57:35"
1704,#,#,#,"2022-11-30 03:57:37"
1705,#,#,#,"2022-11-30 03:57:39"
1706,#,#,#,"2022-11-30 03:57:39"
1707,#,#,#,"2022-11-30 03:57:40"
1708,#,#,#,"2022-11-30 03:57:41"
1709,#,#,#,"2022-11-30 03:57:42"
1710,#,#,#,"2022-11-30 03:57:44"
1711,#,#,#,"2022-11-30 03:57:46"
1712,#,#,#,"2022-11-30 03:57:46"
1713,#,#,#,"2022-11-30 03:57:48"
1714,#,#,#,"2022-11-30 03:57:49"
1715,#,#,#,"2022-11-30 03:57:49"
1716,#,#,#,"2022-11-30 03:57:53"
1717,#,#,#,"2022-11-30 03:57:55"
1718,#,#,#,"2022-11-30 03:57:55"
1719,#,#,#,"2022-11-30 03:57:56"
1720,#,#,#,"2022-11-30 03:57:57"
1721,#,#,#,"2022-11-30 03:57:58"
1722,#,#,#,"2022-11-30 03:58:00"
1723,#,#,#,"2022-11-30 03:58:02"
1724,#,#,#,"2022-11-30 03:58:03"
1725,#,#,#,"2022-11-30 03:58:04"
1726,#,#,#,"2022-11-30 03:58:05"
1727,#,#,#,"2022-11-30 03:58:05"
1728,#,#,#,"2022-11-30 03:58:07"
1729,#,#,#,"2022-11-30 03:58:07"
1730,#,#,#,"2022-11-30 03:58:09"
1731,#,#,#,"2022-11-30 03:58:11"
1732,#,#,#,"2022-11-30 03:58:12"
1733,#,#,#,"2022-11-30 03:58:14"
1734,#,#,#,"2022-11-30 03:58:16"
1735,#,#,#,"2022-11-30 03:58:16"
1736,#,#,#,"2022-11-30 03:58:18"
1737,#,#,#,"2022-11-30 03:58:19"
1738,#,#,#,"2022-11-30 03:58:20"
1739,#,#,#,"2022-11-30 03:58:21"
1740,#,#,#,"2022-11-30 03:58:23"
1741,#,#,#,"2022-11-30 03:58:23"
1742,#,#,#,"2022-11-30 03:58:25"
1743,#,#,#,"2022-11-30 03:58:25"
1744,#,#,#,"2022-11-30 03:58:26"
1745,#,#,#,"2022-11-30 03:58:27"
1746,#,#,#,"2022-11-30 03:58:28"
1747,#,#,#,"2022-11-30 03:58:30"
1748,#,#,#,"2022-11-30 03:58:30"
1749,#,#,#,"2022-11-30 03:58:32"
1750,#,#,#,"2022-11-30 03:58:32"
1751,#,#,#,"2022-11-30 03:58:34"
1752,#,#,#,"2022-11-30 03:58:35"
1753,#,#,#,"2022-11-30 03:58:37"
1754,#,#,#,"2022-11-30 03:58:39"
1755,#,#,#,"2022-11-30 03:58:41"
1756,#,#,#,"2022-11-30 03:58:44"
1757,#,#,#,"2022-11-30 03:58:46"
1758,#,#,#,"2022-11-30 03:58:48"
1759,#,#,#,"2022-11-30 03:58:50"
1760,#,#,#,"2022-11-30 03:58:51"
1761,#,#,#,"2022-11-30 03:58:53"
1762,#,#,#,"2022-11-30 03:58:57"
1763,#,#,#,"2022-11-30 03:58:59"
1764,#,#,#,"2022-11-30 03:59:00"
1765,#,#,#,"2022-11-30 03:59:02"
1766,#,#,#,"2022-11-30 03:59:04"
1767,#,#,#,"2022-11-30 03:59:04"
1768,#,#,#,"2022-11-30 03:59:06"
1769,#,#,#,"2022-11-30 03:59:08"
1770,#,#,#,"2022-11-30 03:59:09"
1771,#,#,#,"2022-11-30 03:59:09"
1772,#,#,#,"2022-11-30 03:59:11"
1773,#,#,#,"2022-11-30 03:59:12"
1774,#,#,#,"2022-11-30 03:59:13"
1775,#,#,#,"2022-11-30 03:59:15"
1776,#,#,#,"2022-11-30 03:59:16"
1777,#,#,#,"2022-11-30 03:59:17"
1778,#,#,#,"2022-11-30 03:59:18"
1779,#,#,#,"2022-11-30 03:59:20"
1780,#,#,#,"2022-11-30 03:59:21"
1781,#,#,#,"2022-11-30 03:59:22"
1782,#,#,#,"2022-11-30 03:59:24"
1783,#,#,#,"2022-11-30 03:59:25"
1784,#,#,#,"2022-11-30 03:59:26"
1785,#,#,#,"2022-11-30 03:59:27"
1786,#,#,#,"2022-11-30 03:59:29"
1787,#,#,#,"2022-11-30 03:59:31"
1788,#,#,#,"2022-11-30 03:59:32"
1789,#,#,#,"2022-11-30 03:59:32"
1790,#,#,#,"2022-11-30 03:59:34"
1791,#,#,#,"2022-11-30 03:59:35"
1792,#,#,#,"2022-11-30 03:59:36"
1793,#,#,#,"2022-11-30 03:59:38"
1794,#,#,#,"2022-11-30 03:59:39"
1795,#,#,#,"2022-11-30 03:59:41"
1796,#,#,#,"2022-11-30 03:59:42"
1797,#,#,#,"2022-11-30 03:59:43"
1798,#,#,#,"2022-11-30 03:59:44"
1799,#,#,#,"2022-11-30 03:59:45"
1800,#,#,#,"2022-11-30 03:59:47"
1801,#,#,#,"2022-11-30 03:59:48"
1802,#,#,#,"2022-11-30 03:59:49"
1803,#,#,#,"2022-11-30 03:59:50"
1804,#,#,#,"2022-11-30 03:59:51"
1805,#,#,#,"2022-11-30 03:59:52"
1806,#,#,#,"2022-11-30 03:59:53"
1807,#,#,#,"2022-11-30 03:59:54"
1808,#,#,#,"2022-11-30 03:59:55"
1809,#,#,#,"2022-11-30 03:59:55"
1810,#,#,#,"2022-11-30 03:59:57"
1811,#,#,#,"2022-11-30 03:59:59"
1812,#,#,#,"2022-11-30 04:00:01"
1813,#,#,#,"2022-11-30 04:00:02"
1814,#,#,#,"2022-11-30 04:00:03"
1815,#,#,#,"2022-11-30 04:00:04"
1816,#,#,#,"2022-11-30 04:00:06"
1817,#,#,#,"2022-11-30 04:00:07"
1818,#,#,#,"2022-11-30 04:00:08"
1819,#,#,#,"2022-11-30 04:00:11"
1820,#,#,#,"2022-11-30 04:00:11"
1821,#,#,#,"2022-11-30 04:00:15"
1822,#,#,#,"2022-11-30 04:00:16"
1823,#,#,#,"2022-11-30 04:00:17"
1824,#,#,#,"2022-11-30 04:00:19"
1825,#,#,#,"2022-11-30 04:00:20"
1826,#,#,#,"2022-11-30 04:00:20"
1827,#,#,#,"2022-11-30 04:00:22"
1828,#,#,#,"2022-11-30 04:00:24"
1829,#,#,#,"2022-11-30 04:00:26"
1830,#,#,#,"2022-11-30 04:00:27"
1831,#,#,#,"2022-11-30 04:00:27"
1832,#,#,#,"2022-11-30 04:00:28"
1833,#,#,#,"2022-11-30 04:00:29"
1834,#,#,#,"2022-11-30 04:00:31"
1835,#,#,#,"2022-11-30 04:00:33"
1836,#,#,#,"2022-11-30 04:00:34"
1837,#,#,#,"2022-11-30 04:00:36"
1838,#,#,#,"2022-11-30 04:00:38"
1839,#,#,#,"2022-11-30 04:00:40"
1840,#,#,#,"2022-11-30 04:00:42"
1841,#,#,#,"2022-11-30 04:00:45"
1842,#,#,#,"2022-11-30 04:00:47"
1843,#,#,#,"2022-11-30 04:00:49"
1844,#,#,#,"2022-11-30 04:00:50"
1845,#,#,#,"2022-11-30 04:00:53"
1846,#,#,#,"2022-11-30 04:00:55"
1847,#,#,#,"2022-11-30 04:00:56"
1848,#,#,#,"2022-11-30 04:00:58"
1849,#,#,#,"2022-11-30 04:01:00"
1850,#,#,#,"2022-11-30 04:01:02"
1851,#,#,#,"2022-11-30 04:01:07"
1852,#,#,#,"2022-11-30 04:01:10"
1853,#,#,#,"2022-11-30 04:01:12"
1854,#,#,#,"2022-11-30 04:01:14"
1855,#,#,#,"2022-11-30 04:01:16"
1856,#,#,#,"2022-11-30 04:01:18"
1857,#,#,#,"2022-11-30 04:01:19"
1858,#,#,#,"2022-11-30 04:01:21"
1859,#,#,#,"2022-11-30 04:01:23"
1860,#,#,#,"2022-11-30 04:01:27"
1861,#,#,#,"2022-11-30 04:01:28"
1862,#,#,#,"2022-11-30 04:01:30"
1863,#,#,#,"2022-11-30 04:01:32"
1864,#,#,#,"2022-11-30 04:01:36"
1865,#,#,#,"2022-11-30 04:01:37"
1866,#,#,#,"2022-11-30 04:01:39"
1867,#,#,#,"2022-11-30 04:01:41"
1868,#,#,#,"2022-11-30 04:01:43"
1869,#,#,#,"2022-11-30 04:01:44"
1870,#,#,#,"2022-11-30 04:01:46"
1871,#,#,#,"2022-11-30 04:01:48"
1872,#,#,#,"2022-11-30 04:01:50"
1873,#,#,#,"2022-11-30 04:01:52"
1874,#,#,#,"2022-11-30 04:01:53"
1875,#,#,#,"2022-11-30 04:01:55"
1876,#,#,#,"2022-11-30 04:01:57"
1877,#,#,#,"2022-11-30 04:02:00"
1878,#,#,#,"2022-11-30 04:02:02"
1879,#,#,#,"2022-11-30 04:02:04"
1880,#,#,#,"2022-11-30 04:02:06"
1881,#,#,#,"2022-11-30 04:02:08"
1882,#,#,#,"2022-11-30 04:02:12"
1883,#,#,#,"2022-11-30 04:02:13"
1884,#,#,#,"2022-11-30 04:02:15"
1885,#,#,#,"2022-11-30 04:02:17"
1886,#,#,#,"2022-11-30 04:02:19"
1887,#,#,#,"2022-11-30 04:02:20"
1888,#,#,#,"2022-11-30 04:02:22"
1889,#,#,#,"2022-11-30 04:02:24"
1890,#,#,#,"2022-11-30 04:02:29"
1891,#,#,#,"2022-11-30 04:02:31"
1892,#,#,#,"2022-11-30 04:02:33"
1893,#,#,#,"2022-11-30 04:02:35"
1894,#,#,#,"2022-11-30 04:02:36"
1895,#,#,#,"2022-11-30 04:02:38"
1896,#,#,#,"2022-11-30 04:02:40"
1897,#,#,#,"2022-11-30 04:02:44"
1898,#,#,#,"2022-11-30 04:02:45"
1899,#,#,#,"2022-11-30 04:02:49"
1900,#,#,#,"2022-11-30 04:02:51"
1901,#,#,#,"2022-11-30 04:02:53"
1902,#,#,#,"2022-11-30 04:02:56"
1903,#,#,#,"2022-11-30 04:02:58"
1904,#,#,#,"2022-11-30 04:03:00"
1905,#,#,#,"2022-11-30 04:03:01"
1906,#,#,#,"2022-11-30 04:03:03"
1907,#,#,#,"2022-11-30 04:03:07"
1908,#,#,#,"2022-11-30 04:03:09"
1909,#,#,#,"2022-11-30 04:03:10"
1910,#,#,#,"2022-11-30 04:03:12"
1911,#,#,#,"2022-11-30 04:03:14"
1912,#,#,#,"2022-11-30 04:03:16"
1913,#,#,#,"2022-11-30 04:03:17"
1914,#,#,#,"2022-11-30 04:03:19"
1915,#,#,#,"2022-11-30 04:03:21"
1916,#,#,#,"2022-11-30 04:03:23"
1917,#,#,#,"2022-11-30 04:03:24"
1918,#,#,#,"2022-11-30 04:03:28"
1919,#,#,#,"2022-11-30 04:03:30"
1920,#,#,#,"2022-11-30 04:03:32"
1921,#,#,#,"2022-11-30 04:03:33"
1922,#,#,#,"2022-11-30 04:03:35"
1923,#,#,#,"2022-11-30 04:03:37"
1924,#,#,#,"2022-11-30 04:03:39"
1925,#,#,#,"2022-11-30 04:03:40"
1926,#,#,#,"2022-11-30 04:03:42"
1927,#,#,#,"2022-11-30 04:03:44"
1928,#,#,#,"2022-11-30 04:03:46"
1929,#,#,#,"2022-11-30 04:03:48"
1930,#,#,#,"2022-11-30 04:03:51"
1931,#,#,#,"2022-11-30 04:03:53"
1932,#,#,#,"2022-11-30 04:03:55"
1933,#,#,#,"2022-11-30 04:03:56"
1934,#,#,#,"2022-11-30 04:03:58"
1935,#,#,#,"2022-11-30 04:04:00"
1936,#,#,#,"2022-11-30 04:04:02"
1937,#,#,#,"2022-11-30 04:04:04"
1938,#,#,#,"2022-11-30 04:04:05"
1939,#,#,#,"2022-11-30 04:04:07"
1940,#,#,#,"2022-11-30 04:04:09"
1941,#,#,#,"2022-11-30 04:04:12"
1942,#,#,#,"2022-11-30 04:04:14"
1943,#,#,#,"2022-11-30 04:04:46"
1944,#,#,#,"2022-11-30 04:04:48"
1945,#,#,#,"2022-11-30 04:04:50"
1946,#,#,#,"2022-11-30 04:04:52"
1947,#,#,#,"2022-11-30 04:04:54"
1948,#,#,#,"2022-11-30 04:04:55"
1949,#,#,#,"2022-11-30 04:04:57"
1950,#,#,#,"2022-11-30 04:04:59"
1951,#,#,#,"2022-11-30 04:05:01"
1952,#,#,#,"2022-11-30 04:05:03"
1953,#,#,#,"2022-11-30 04:05:05"
1954,#,#,#,"2022-11-30 04:05:07"
1955,#,#,#,"2022-11-30 04:05:09"
1956,#,#,#,"2022-11-30 04:05:10"
1957,#,#,#,"2022-11-30 04:05:12"
1958,#,#,#,"2022-11-30 04:05:14"
1959,#,#,#,"2022-11-30 04:05:16"
1960,#,#,#,"2022-11-30 04:05:19"
1961,#,#,#,"2022-11-30 04:05:21"
1962,#,#,#,"2022-11-30 04:05:23"
1963,#,#,#,"2022-11-30 04:05:24"
1964,#,#,#,"2022-11-30 04:05:26"
1965,#,#,#,"2022-11-30 04:05:30"
1966,#,#,#,"2022-11-30 04:05:32"
1967,#,#,#,"2022-11-30 04:05:33"
1968,#,#,#,"2022-11-30 04:05:37"
1969,#,#,#,"2022-11-30 04:05:39"
1970,#,#,#,"2022-11-30 04:05:40"
1971,#,#,#,"2022-11-30 04:05:42"
1972,#,#,#,"2022-11-30 04:05:45"
1973,#,#,#,"2022-11-30 04:05:47"
1974,#,#,#,"2022-11-30 04:05:48"
1975,#,#,#,"2022-11-30 04:05:50"
1976,#,#,#,"2022-11-30 04:05:52"
1977,#,#,#,"2022-11-30 04:05:55"
1978,#,#,#,"2022-11-30 04:05:56"
1979,#,#,#,"2022-11-30 04:05:58"
1980,#,#,#,"2022-11-30 04:06:00"
1981,#,#,#,"2022-11-30 04:06:02"
1982,#,#,#,"2022-11-30 04:06:04"
1983,#,#,#,"2022-11-30 04:06:05"
1984,#,#,#,"2022-11-30 04:06:07"
1985,#,#,#,"2022-11-30 04:06:09"
1986,#,#,#,"2022-11-30 04:06:11"
1987,#,#,#,"2022-11-30 04:06:12"
1988,#,#,#,"2022-11-30 04:06:16"
1989,#,#,#,"2022-11-30 04:06:18"
1990,#,#,#,"2022-11-30 04:06:19"
1991,#,#,#,"2022-11-30 04:06:21"
1992,#,#,#,"2022-11-30 04:06:23"
1993,#,#,#,"2022-11-30 04:06:25"
1994,#,#,#,"2022-11-30 04:06:27"
1995,#,#,#,"2022-11-30 04:06:28"
1996,#,#,#,"2022-11-30 04:06:30"
1997,#,#,#,"2022-11-30 04:06:32"
1998,#,#,#,"2022-11-30 04:06:34"
1999,#,#,#,"2022-11-30 04:06:35"
2000,#,#,#,"2022-11-30 04:06:37"
2001,#,#,#,"2022-11-30 04:06:39"
2002,#,#,#,"2022-11-30 04:06:41"
2003,#,#,#,"2022-11-30 04:06:43"
2004,#,#,#,"2022-11-30 04:06:44"
2005,#,#,#,"2022-11-30 04:06:46"
2006,#,#,#,"2022-11-30 04:06:48"
2007,#,#,#,"2022-11-30 04:06:50"
2008,#,#,#,"2022-11-30 04:06:51"
2009,#,#,#,"2022-11-30 04:06:53"
2010,#,#,#,"2022-11-30 04:06:55"
2011,#,#,#,"2022-11-30 04:06:59"
2012,#,#,#,"2022-11-30 04:07:00"
2013,#,#,#,"2022-11-30 04:07:02"
2014,#,#,#,"2022-11-30 04:07:04"
2015,#,#,#,"2022-11-30 04:07:06"
2016,#,#,#,"2022-11-30 04:07:08"
2017,#,#,#,"2022-11-30 04:07:09"
2018,#,#,#,"2022-11-30 04:07:10"
2019,#,#,#,"2022-11-30 04:07:11"
2020,#,#,#,"2022-11-30 04:07:13"
2021,#,#,#,"2022-11-30 04:07:15"
2022,#,#,#,"2022-11-30 04:07:23"
2023,#,#,#,"2022-11-30 04:07:24"
2024,#,#,#,"2022-11-30 04:07:28"
2025,#,#,#,"2022-11-30 04:07:30"
2026,#,#,#,"2022-11-30 04:07:35"
2027,#,#,#,"2022-11-30 04:07:39"
2028,#,#,#,"2022-11-30 04:07:40"
2029,#,#,#,"2022-11-30 04:07:42"
2030,#,#,#,"2022-11-30 04:07:44"
2031,#,#,#,"2022-11-30 04:07:46"
2032,#,#,#,"2022-11-30 04:07:47"
2033,#,#,#,"2022-11-30 04:12:24"
2034,#,#,#,"2022-11-30 04:20:11"
2035,#,#,#,"2022-11-30 04:24:29"
2036,#,#,#,"2022-11-30 16:16:44"
2037,#,#,#,"2022-11-30 16:16:46"
2038,#,#,#,"2022-11-30 16:16:48"
2039,#,#,#,"2022-11-30 16:16:52"
2040,#,#,#,"2022-11-30 16:16:53"
2041,#,#,#,"2022-11-30 16:17:06"
2042,#,#,#,"2022-11-30 16:17:08"
2043,#,#,#,"2022-11-30 16:17:10"
2044,#,#,#,"2022-11-30 16:17:12"
2045,#,#,#,"2022-11-30 16:17:13"
2046,#,#,#,"2022-11-30 16:17:17"
2047,#,#,#,"2022-11-30 16:17:19"
2048,#,#,#,"2022-11-30 16:17:22"
2049,#,#,#,"2022-11-30 16:17:26"
2050,#,#,#,"2022-11-30 16:17:30"
2051,#,#,#,"2022-11-30 16:17:32"
2052,#,#,#,"2022-11-30 16:17:34"
2053,#,#,#,"2022-11-30 16:18:07"
2054,#,#,#,"2022-11-30 16:18:09"
2055,#,#,#,"2022-11-30 16:18:11"
2056,#,#,#,"2022-11-30 16:18:16"
2057,#,#,#,"2022-11-30 16:18:18"
2058,#,#,#,"2022-11-30 16:18:35"
2059,#,#,#,"2022-11-30 16:18:37"
2060,#,#,#,"2022-11-30 16:18:40"
2061,#,#,#,"2022-11-30 16:18:44"
2062,#,#,#,"2022-11-30 16:18:46"
2063,#,#,#,"2022-11-30 16:18:54"
2064,#,#,#,"2022-11-30 16:18:56"
2065,#,#,#,"2022-11-30 16:19:54"
2066,#,#,#,"2022-11-30 16:20:36"
2067,#,#,#,"2022-11-30 16:20:38"
2068,#,#,#,"2022-11-30 16:20:39"
2069,#,#,#,"2022-11-30 16:20:41"
2070,#,#,#,"2022-11-30 16:20:43"
2071,#,#,#,"2022-11-30 16:21:31"
2072,#,#,#,"2022-11-30 16:21:37"
2073,#,#,#,"2022-11-30 16:21:43"
2074,#,#,#,"2022-11-30 16:21:45"
2075,#,#,#,"2022-11-30 16:21:48"
2076,#,#,#,"2022-11-30 16:21:51"
2077,#,#,#,"2022-11-30 16:21:53"
2078,#,#,#,"2022-11-30 16:21:55"
2079,#,#,#,"2022-11-30 16:22:04"
2080,#,#,#,"2022-11-30 16:22:07"
2081,#,#,#,"2022-11-30 16:22:09"
2082,#,#,#,"2022-11-30 16:22:11"
2083,#,#,#,"2022-11-30 16:22:14"
2084,#,#,#,"2022-11-30 16:22:17"
2085,#,#,#,"2022-11-30 16:22:22"
2086,#,#,#,"2022-11-30 16:22:31"
2087,#,#,#,"2022-11-30 16:22:33"
2088,#,#,#,"2022-11-30 16:22:35"
2089,#,#,#,"2022-11-30 16:26:47"
2090,#,#,#,"2022-11-30 16:26:49"
2091,#,#,#,"2022-11-30 16:26:55"
2092,#,#,#,"2022-11-30 16:27:01"
2093,#,#,#,"2022-11-30 16:27:05"
2094,#,#,#,"2022-11-30 16:27:09"
2095,#,#,#,"2022-11-30 16:27:11"
2096,#,#,#,"2022-11-30 16:27:13"
2097,#,#,#,"2022-11-30 16:27:15"
2098,#,#,#,"2022-11-30 16:27:21"
2099,#,#,#,"2022-11-30 16:27:28"
2100,#,#,#,"2022-11-30 16:27:30"
2101,#,#,#,"2022-11-30 16:27:34"
2102,#,#,#,"2022-11-30 16:27:38"
2103,#,#,#,"2022-11-30 16:27:42"
2104,#,#,#,"2022-11-30 16:27:48"
2105,#,#,#,"2022-11-30 16:27:50"
2106,#,#,#,"2022-11-30 16:27:52"
2107,#,#,#,"2022-11-30 16:27:56"
2108,#,#,#,"2022-11-30 16:28:00"
2109,#,#,#,"2022-11-30 16:28:12"
2110,#,#,#,"2022-11-30 16:28:16"
2111,#,#,#,"2022-11-30 16:28:23"
2112,#,#,#,"2022-11-30 16:28:25"
2113,#,#,#,"2022-11-30 16:28:27"
2114,#,#,#,"2022-11-30 16:28:30"
2115,#,#,#,"2022-11-30 16:28:36"
2116,#,#,#,"2022-11-30 16:28:39"
2117,#,#,#,"2022-11-30 16:28:41"
2118,#,#,#,"2022-11-30 16:28:48"
2119,#,#,#,"2022-11-30 16:28:50"
2120,#,#,#,"2022-11-30 16:28:52"
2121,#,#,#,"2022-11-30 16:28:57"
2122,#,#,#,"2022-11-30 16:29:02"
2123,#,#,#,"2022-11-30 16:29:04"
2124,#,#,#,"2022-11-30 16:29:14"
2125,#,#,#,"2022-11-30 16:29:23"
2126,#,#,#,"2022-11-30 16:29:25"
2127,#,#,#,"2022-11-30 16:29:27"
2128,#,#,#,"2022-11-30 16:29:31"
2129,#,#,#,"2022-11-30 16:29:33"
2130,#,#,#,"2022-11-30 16:29:35"
2131,#,#,#,"2022-11-30 16:29:43"
2132,#,#,#,"2022-11-30 16:29:48"
2133,#,#,#,"2022-11-30 16:29:50"
2134,#,#,#,"2022-11-30 16:29:52"
2135,#,#,#,"2022-11-30 16:29:54"
2136,#,#,#,"2022-11-30 16:29:55"
2137,#,#,#,"2022-11-30 16:29:57"
2138,#,#,#,"2022-11-30 16:29:59"
2139,#,#,#,"2022-11-30 16:30:03"
2140,#,#,#,"2022-11-30 16:30:08"
2141,#,#,#,"2022-11-30 16:30:14"
2142,#,#,#,"2022-11-30 16:30:16"
2143,#,#,#,"2022-11-30 16:30:26"
2144,#,#,#,"2022-11-30 16:30:28"
2145,#,#,#,"2022-11-30 16:30:30"
2146,#,#,#,"2022-11-30 16:30:32"
2147,#,#,#,"2022-11-30 16:30:37"
2148,#,#,#,"2022-11-30 16:30:43"
2149,#,#,#,"2022-11-30 16:30:45"
2150,#,#,#,"2022-11-30 16:30:47"
2151,#,#,#,"2022-11-30 16:30:54"
2152,#,#,#,"2022-11-30 16:30:56"
2153,#,#,#,"2022-11-30 16:30:58"
2154,#,#,#,"2022-11-30 16:31:00"
2155,#,#,#,"2022-11-30 16:31:02"
2156,#,#,#,"2022-11-30 16:31:05"
2157,#,#,#,"2022-11-30 16:31:13"
2158,#,#,#,"2022-11-30 16:31:15"
2159,#,#,#,"2022-11-30 16:31:17"
2160,#,#,#,"2022-11-30 16:31:21"
2161,#,#,#,"2022-11-30 16:31:29"
2162,#,#,#,"2022-11-30 16:31:31"
2163,#,#,#,"2022-11-30 16:31:36"
2164,#,#,#,"2022-11-30 16:31:38"
2165,#,#,#,"2022-11-30 16:31:42"
2166,#,#,#,"2022-11-30 16:31:44"
2167,#,#,#,"2022-11-30 16:31:55"
2168,#,#,#,"2022-11-30 16:32:31"
2169,#,#,#,"2022-11-30 16:32:33"
2170,#,#,#,"2022-11-30 16:32:37"
2171,#,#,#,"2022-11-30 16:32:39"
2172,#,#,#,"2022-11-30 16:32:41"
2173,#,#,#,"2022-11-30 16:32:45"
2174,#,#,#,"2022-11-30 16:32:47"
2175,#,#,#,"2022-11-30 16:35:13"
2176,#,#,#,"2022-11-30 16:35:15"
2177,#,#,#,"2022-11-30 16:36:55"
2178,#,#,#,"2022-11-30 16:37:31"
2179,#,#,#,"2022-11-30 16:37:52"
2180,#,#,#,"2022-11-30 16:38:40"
2181,#,#,#,"2022-11-30 16:39:31"
2182,#,#,#,"2022-11-30 16:39:34"
2183,#,#,#,"2022-11-30 16:39:36"
2184,#,#,#,"2022-11-30 16:39:38"
2185,#,#,#,"2022-11-30 16:39:43"
2186,#,#,#,"2022-11-30 16:39:45"
2187,#,#,#,"2022-11-30 16:39:47"
2188,#,#,#,"2022-11-30 16:39:49"
2189,#,#,#,"2022-11-30 16:39:58"
2190,#,#,#,"2022-11-30 16:39:59"
2191,#,#,#,"2022-11-30 16:40:00"
2192,#,#,#,"2022-11-30 16:40:06"
2193,#,#,#,"2022-11-30 16:40:09"
2194,#,#,#,"2022-11-30 16:40:13"
2195,#,#,#,"2022-11-30 16:40:27"
2196,#,#,#,"2022-11-30 16:40:31"
2197,#,#,#,"2022-11-30 16:40:31"
2198,#,#,#,"2022-11-30 16:40:33"
2199,#,#,#,"2022-11-30 16:40:35"
2200,#,#,#,"2022-11-30 16:40:37"
2201,#,#,#,"2022-11-30 16:40:40"
2202,#,#,#,"2022-11-30 16:40:42"
2203,#,#,#,"2022-11-30 16:40:44"
2204,#,#,#,"2022-11-30 16:40:49"
2205,#,#,#,"2022-11-30 16:40:51"
2206,#,#,#,"2022-11-30 16:40:53"
2207,#,#,#,"2022-11-30 16:41:00"
2208,#,#,#,"2022-11-30 16:41:02"
2209,#,#,#,"2022-11-30 16:41:04"
2210,#,#,#,"2022-11-30 16:41:06"
2211,#,#,#,"2022-11-30 16:41:08"
2212,#,#,#,"2022-11-30 16:41:10"
2213,#,#,#,"2022-11-30 16:41:16"
2214,#,#,#,"2022-11-30 16:41:19"
2215,#,#,#,"2022-11-30 16:41:19"
2216,#,#,#,"2022-11-30 16:41:21"
2217,#,#,#,"2022-11-30 16:41:23"
2218,#,#,#,"2022-11-30 16:41:31"
2219,#,#,#,"2022-11-30 16:41:33"
2220,#,#,#,"2022-11-30 16:41:37"
2221,#,#,#,"2022-11-30 16:41:39"
2222,#,#,#,"2022-11-30 16:41:41"
2223,#,#,#,"2022-11-30 16:41:43"
2224,#,#,#,"2022-11-30 16:41:45"
2225,#,#,#,"2022-11-30 16:41:47"
2226,#,#,#,"2022-11-30 16:41:48"
2227,#,#,#,"2022-11-30 16:41:57"
2228,#,#,#,"2022-11-30 16:41:59"
2229,#,#,#,"2022-11-30 16:42:05"
2230,#,#,#,"2022-11-30 16:42:07"
2231,#,#,#,"2022-11-30 16:42:11"
2232,#,#,#,"2022-11-30 16:42:15"
2233,#,#,#,"2022-11-30 16:42:33"
2234,#,#,#,"2022-11-30 16:42:37"
2235,#,#,#,"2022-11-30 16:42:40"
2236,#,#,#,"2022-11-30 16:42:42"
2237,#,#,#,"2022-11-30 16:42:44"
2238,#,#,#,"2022-11-30 16:42:52"
2239,#,#,#,"2022-11-30 16:42:54"
2240,#,#,#,"2022-11-30 16:42:58"
2241,#,#,#,"2022-11-30 16:43:00"
2242,#,#,#,"2022-11-30 16:43:02"
2243,#,#,#,"2022-11-30 16:43:05"
2244,#,#,#,"2022-11-30 16:43:07"
2245,#,#,#,"2022-11-30 16:43:09"
2246,#,#,#,"2022-11-30 16:43:11"
2247,#,#,#,"2022-11-30 16:43:18"
2248,#,#,#,"2022-11-30 16:43:20"
2249,#,#,#,"2022-11-30 16:43:22"
2250,#,#,#,"2022-11-30 16:43:56"
2251,#,#,#,"2022-11-30 16:43:58"
2252,#,#,#,"2022-11-30 16:44:00"
2253,#,#,#,"2022-11-30 16:44:07"
2254,#,#,#,"2022-11-30 16:44:09"
2255,#,#,#,"2022-11-30 16:44:11"
2256,#,#,#,"2022-11-30 16:44:13"
2257,#,#,#,"2022-11-30 16:44:17"
2258,#,#,#,"2022-11-30 16:44:20"
2259,#,#,#,"2022-11-30 16:44:22"
2260,#,#,#,"2022-11-30 16:44:25"
2261,#,#,#,"2022-11-30 16:44:29"
2262,#,#,#,"2022-11-30 16:44:31"
2263,#,#,#,"2022-11-30 16:44:33"
2264,#,#,#,"2022-11-30 16:44:35"
2265,#,#,#,"2022-11-30 16:44:37"
2266,#,#,#,"2022-11-30 16:44:40"
2267,#,#,#,"2022-11-30 16:44:42"
2268,#,#,#,"2022-11-30 16:44:44"
2269,#,#,#,"2022-11-30 16:44:48"
2270,#,#,#,"2022-11-30 16:44:51"
2271,#,#,#,"2022-11-30 16:44:53"
2272,#,#,#,"2022-11-30 16:44:57"
2273,#,#,#,"2022-11-30 16:45:06"
2274,#,#,#,"2022-11-30 16:45:08"
2275,#,#,#,"2022-11-30 16:45:10"
2276,#,#,#,"2022-11-30 16:45:12"
2277,#,#,#,"2022-11-30 16:45:14"
2278,#,#,#,"2022-11-30 16:45:16"
2279,#,#,#,"2022-11-30 16:45:25"
2280,#,#,#,"2022-11-30 16:45:27"
2281,#,#,#,"2022-11-30 16:45:32"
2282,#,#,#,"2022-11-30 16:45:34"
2283,#,#,#,"2022-11-30 16:45:36"
2284,#,#,#,"2022-11-30 16:45:38"
2285,#,#,#,"2022-11-30 16:45:40"
2286,#,#,#,"2022-11-30 16:45:42"
2287,#,#,#,"2022-11-30 16:45:44"
2288,#,#,#,"2022-11-30 16:45:48"
2289,#,#,#,"2022-11-30 16:45:50"
2290,#,#,#,"2022-11-30 16:45:53"
2291,#,#,#,"2022-11-30 16:45:57"
2292,#,#,#,"2022-11-30 16:46:01"
2293,#,#,#,"2022-11-30 16:46:03"
2294,#,#,#,"2022-11-30 16:46:06"
2295,#,#,#,"2022-11-30 16:46:08"
2296,#,#,#,"2022-11-30 16:46:11"
2297,#,#,#,"2022-11-30 16:46:16"
2298,#,#,#,"2022-11-30 16:46:23"
2299,#,#,#,"2022-11-30 16:46:31"
2300,#,#,#,"2022-11-30 16:46:33"
2301,#,#,#,"2022-11-30 16:46:35"
2302,#,#,#,"2022-11-30 16:46:37"
2303,#,#,#,"2022-11-30 16:46:40"
2304,#,#,#,"2022-11-30 16:46:42"
2305,#,#,#,"2022-11-30 16:46:46"
2306,#,#,#,"2022-11-30 16:46:48"
2307,#,#,#,"2022-11-30 16:46:50"
2308,#,#,#,"2022-11-30 16:46:52"
2309,#,#,#,"2022-11-30 16:46:55"
2310,#,#,#,"2022-11-30 16:46:59"
2311,#,#,#,"2022-11-30 16:47:01"
2312,#,#,#,"2022-11-30 16:47:03"
2313,#,#,#,"2022-11-30 16:47:05"
2314,#,#,#,"2022-11-30 16:47:07"
2315,#,#,#,"2022-11-30 16:47:11"
2316,#,#,#,"2022-11-30 16:47:13"
2317,#,#,#,"2022-11-30 16:47:16"
2318,#,#,#,"2022-11-30 16:47:18"
2319,#,#,#,"2022-11-30 16:47:23"
2320,#,#,#,"2022-11-30 16:47:26"
2321,#,#,#,"2022-11-30 16:47:30"
2322,#,#,#,"2022-11-30 16:47:37"
2323,#,#,#,"2022-11-30 16:47:39"
2324,#,#,#,"2022-11-30 16:47:41"
2325,#,#,#,"2022-11-30 16:47:43"
2326,#,#,#,"2022-11-30 16:47:45"
2327,#,#,#,"2022-11-30 16:47:52"
2328,#,#,#,"2022-11-30 16:47:56"
2329,#,#,#,"2022-11-30 16:47:58"
2330,#,#,#,"2022-11-30 16:48:01"
2331,#,#,#,"2022-11-30 16:48:05"
2332,#,#,#,"2022-11-30 16:48:07"
2333,#,#,#,"2022-11-30 16:48:12"
2334,#,#,#,"2022-11-30 16:48:14"
2335,#,#,#,"2022-11-30 16:48:16"
2336,#,#,#,"2022-11-30 16:48:19"
2337,#,#,#,"2022-11-30 16:48:19"
2338,#,#,#,"2022-11-30 16:48:21"
2339,#,#,#,"2022-11-30 16:48:25"
2340,#,#,#,"2022-11-30 16:48:29"
2341,#,#,#,"2022-11-30 16:48:31"
2342,#,#,#,"2022-11-30 16:48:33"
2343,#,#,#,"2022-11-30 16:48:35"
2344,#,#,#,"2022-11-30 16:48:37"
2345,#,#,#,"2022-11-30 16:48:45"
2346,#,#,#,"2022-11-30 16:48:47"
2347,#,#,#,"2022-11-30 16:48:52"
2348,#,#,#,"2022-11-30 16:48:57"
2349,#,#,#,"2022-11-30 16:48:59"
2350,#,#,#,"2022-11-30 16:49:01"
2351,#,#,#,"2022-11-30 16:49:05"
2352,#,#,#,"2022-11-30 16:49:12"
2353,#,#,#,"2022-11-30 16:49:14"
2354,#,#,#,"2022-11-30 16:49:16"
2355,#,#,#,"2022-11-30 16:49:24"
2356,#,#,#,"2022-11-30 16:49:26"
2357,#,#,#,"2022-11-30 16:49:32"
2358,#,#,#,"2022-11-30 16:49:37"
2359,#,#,#,"2022-11-30 16:49:39"
2360,#,#,#,"2022-11-30 16:49:42"
2361,#,#,#,"2022-11-30 16:49:44"
2362,#,#,#,"2022-11-30 16:49:46"
2363,#,#,#,"2022-11-30 16:49:50"
2364,#,#,#,"2022-11-30 16:49:58"
2365,#,#,#,"2022-11-30 16:50:04"
2366,#,#,#,"2022-11-30 16:50:11"
2367,#,#,#,"2022-11-30 16:50:14"
2368,#,#,#,"2022-11-30 16:50:18"
2369,#,#,#,"2022-11-30 16:50:23"
2370,#,#,#,"2022-11-30 16:50:31"
2371,#,#,#,"2022-11-30 16:50:35"
2372,#,#,#,"2022-11-30 16:50:37"
2373,#,#,#,"2022-11-30 16:50:40"
2374,#,#,#,"2022-11-30 16:50:45"
2375,#,#,#,"2022-11-30 16:50:48"
2376,#,#,#,"2022-11-30 16:50:52"
2377,#,#,#,"2022-11-30 16:50:54"
2378,#,#,#,"2022-11-30 16:51:35"
2379,#,#,#,"2022-11-30 16:51:40"
2380,#,#,#,"2022-11-30 16:51:45"
2381,#,#,#,"2022-11-30 16:51:47"
2382,#,#,#,"2022-11-30 16:53:05"
2383,#,#,#,"2022-11-30 16:57:12"
2384,#,#,#,"2022-11-30 16:57:27"
2385,#,#,#,"2022-11-30 16:57:37"
2386,#,#,#,"2022-11-30 16:57:40"
2387,#,#,#,"2022-11-30 16:57:42"
2388,#,#,#,"2022-11-30 16:57:54"
2389,#,#,#,"2022-11-30 16:57:56"
2390,#,#,#,"2022-11-30 16:57:58"
2391,#,#,#,"2022-11-30 16:59:18"
2392,#,#,#,"2022-11-30 16:59:20"
2393,#,#,#,"2022-11-30 16:59:22"
2394,#,#,#,"2022-11-30 16:59:26"
2395,#,#,#,"2022-11-30 16:59:40"
2396,#,#,#,"2022-11-30 16:59:42"
2397,#,#,#,"2022-11-30 16:59:46"
2398,#,#,#,"2022-11-30 16:59:48"
2399,#,#,#,"2022-11-30 16:59:53"
2400,#,#,#,"2022-11-30 16:59:55"
2401,#,#,#,"2022-11-30 17:00:03"
2402,#,#,#,"2022-11-30 17:00:05"
2403,#,#,#,"2022-11-30 17:00:09"
2404,#,#,#,"2022-11-30 17:00:14"
2405,#,#,#,"2022-11-30 17:00:16"
2406,#,#,#,"2022-11-30 17:00:21"
2407,#,#,#,"2022-11-30 17:00:25"
2408,#,#,#,"2022-11-30 17:00:29"
2409,#,#,#,"2022-11-30 17:00:34"
2410,#,#,#,"2022-11-30 17:00:39"
2411,#,#,#,"2022-11-30 17:00:45"
2412,#,#,#,"2022-11-30 17:00:48"
2413,#,#,#,"2022-11-30 17:00:57"
2414,#,#,#,"2022-11-30 17:00:59"
2415,#,#,#,"2022-11-30 17:01:04"
2416,#,#,#,"2022-11-30 17:01:06"
2417,#,#,#,"2022-11-30 17:01:08"
2418,#,#,#,"2022-11-30 17:01:10"
2419,#,#,#,"2022-11-30 17:01:14"
2420,#,#,#,"2022-11-30 17:01:17"
2421,#,#,#,"2022-11-30 17:01:19"
2422,#,#,#,"2022-11-30 17:01:26"
2423,#,#,#,"2022-11-30 17:01:27"
2424,#,#,#,"2022-11-30 17:01:29"
2425,#,#,#,"2022-11-30 17:01:32"
2426,#,#,#,"2022-11-30 17:01:34"
2427,#,#,#,"2022-11-30 17:01:36"
2428,#,#,#,"2022-11-30 17:01:38"
2429,#,#,#,"2022-11-30 17:01:41"
2430,#,#,#,"2022-11-30 17:01:45"
2431,#,#,#,"2022-11-30 17:01:47"
2432,#,#,#,"2022-11-30 17:01:49"
2433,#,#,#,"2022-11-30 17:01:51"
2434,#,#,#,"2022-11-30 17:01:55"
2435,#,#,#,"2022-11-30 17:01:57"
2436,#,#,#,"2022-11-30 17:01:59"
2437,#,#,#,"2022-11-30 17:02:01"
2438,#,#,#,"2022-11-30 17:02:07"
2439,#,#,#,"2022-11-30 17:02:10"
2440,#,#,#,"2022-11-30 17:02:12"
2441,#,#,#,"2022-11-30 17:02:17"
2442,#,#,#,"2022-11-30 17:02:19"
2443,#,#,#,"2022-11-30 17:02:22"
2444,#,#,#,"2022-11-30 17:02:24"
2445,#,#,#,"2022-11-30 17:02:26"
2446,#,#,#,"2022-11-30 17:02:33"
2447,#,#,#,"2022-11-30 17:02:35"
2448,#,#,#,"2022-11-30 17:02:37"
2449,#,#,#,"2022-11-30 17:02:40"
2450,#,#,#,"2022-11-30 17:02:44"
2451,#,#,#,"2022-11-30 17:02:50"
2452,#,#,#,"2022-11-30 17:03:24"
2453,#,#,#,"2022-11-30 17:03:29"
2454,#,#,#,"2022-11-30 17:03:35"
2455,#,#,#,"2022-11-30 17:03:37"
2456,#,#,#,"2022-11-30 17:03:41"
2457,#,#,#,"2022-11-30 17:03:43"
2458,#,#,#,"2022-11-30 17:03:45"
2459,#,#,#,"2022-11-30 17:03:47"
2460,#,#,#,"2022-11-30 17:03:50"
2461,#,#,#,"2022-11-30 17:03:55"
2462,#,#,#,"2022-11-30 17:04:01"
2463,#,#,#,"2022-11-30 17:04:03"
2464,#,#,#,"2022-11-30 17:04:17"
2465,#,#,#,"2022-11-30 17:04:23"
2466,#,#,#,"2022-11-30 17:04:27"
2467,#,#,#,"2022-11-30 17:04:29"
2468,#,#,#,"2022-11-30 17:04:31"
2469,#,#,#,"2022-11-30 17:04:33"
2470,#,#,#,"2022-11-30 17:04:35"
2471,#,#,#,"2022-11-30 17:04:39"
2472,#,#,#,"2022-11-30 17:04:49"
2473,#,#,#,"2022-11-30 17:04:52"
2474,#,#,#,"2022-11-30 17:04:54"
2475,#,#,#,"2022-11-30 17:04:56"
2476,#,#,#,"2022-11-30 17:04:58"
2477,#,#,#,"2022-11-30 17:05:02"
2478,#,#,#,"2022-11-30 17:05:13"
2479,#,#,#,"2022-11-30 17:05:19"
2480,#,#,#,"2022-11-30 17:05:21"
2481,#,#,#,"2022-11-30 17:05:23"
2482,#,#,#,"2022-11-30 17:05:29"
2483,#,#,#,"2022-11-30 17:05:33"
2484,#,#,#,"2022-11-30 17:05:38"
2485,#,#,#,"2022-11-30 17:05:41"
2486,#,#,#,"2022-11-30 17:05:43"
2487,#,#,#,"2022-11-30 17:05:45"
2488,#,#,#,"2022-11-30 17:05:47"
2489,#,#,#,"2022-11-30 17:05:51"
2490,#,#,#,"2022-11-30 17:05:55"
2491,#,#,#,"2022-11-30 17:05:57"
2492,#,#,#,"2022-11-30 17:05:59"
2493,#,#,#,"2022-11-30 17:06:02"
2494,#,#,#,"2022-11-30 17:06:04"
2495,#,#,#,"2022-11-30 17:06:12"
2496,#,#,#,"2022-11-30 17:06:14"
2497,#,#,#,"2022-11-30 17:06:49"
2498,#,#,#,"2022-11-30 17:07:50"
2499,#,#,#,"2022-11-30 17:07:54"
2500,#,#,#,"2022-11-30 17:07:56"
2501,#,#,#,"2022-11-30 17:07:59"
2502,#,#,#,"2022-11-30 17:08:06"
2503,#,#,#,"2022-11-30 17:08:08"
2504,#,#,#,"2022-11-30 17:08:12"
2505,#,#,#,"2022-11-30 17:08:20"
2506,#,#,#,"2022-11-30 17:08:25"
2507,#,#,#,"2022-11-30 17:08:27"
2508,#,#,#,"2022-11-30 17:08:34"
2509,#,#,#,"2022-11-30 17:08:38"
2510,#,#,#,"2022-11-30 17:08:44"
2511,#,#,#,"2022-11-30 17:08:46"
2512,#,#,#,"2022-11-30 17:08:54"
2513,#,#,#,"2022-11-30 17:08:56"
2514,#,#,#,"2022-11-30 17:09:02"
2515,#,#,#,"2022-11-30 17:09:05"
2516,#,#,#,"2022-11-30 17:09:11"
2517,#,#,#,"2022-11-30 17:09:13"
2518,#,#,#,"2022-11-30 17:09:17"
2519,#,#,#,"2022-11-30 17:09:23"
2520,#,#,#,"2022-11-30 17:09:37"
2521,#,#,#,"2022-11-30 17:09:46"
2522,#,#,#,"2022-11-30 17:10:02"
2523,#,#,#,"2022-11-30 17:10:14"
2524,#,#,#,"2022-11-30 17:10:21"
2525,#,#,#,"2022-11-30 17:10:28"
2526,#,#,#,"2022-11-30 17:10:41"
2527,#,#,#,"2022-11-30 17:11:44"
2528,#,#,#,"2022-11-30 17:12:43"
2529,#,#,#,"2022-11-30 17:12:50"
2530,#,#,#,"2022-11-30 17:12:54"
2531,#,#,#,"2022-11-30 17:13:41"
2532,#,#,#,"2022-11-30 17:13:44"
2533,#,#,#,"2022-11-30 17:13:56"
2534,#,#,#,"2022-11-30 17:14:09"
2535,#,#,#,"2022-11-30 17:14:16"
2536,#,#,#,"2022-11-30 17:14:33"
2537,#,#,#,"2022-11-30 17:14:43"
2538,#,#,#,"2022-11-30 17:14:48"
2539,#,#,#,"2022-11-30 17:15:04"
2540,#,#,#,"2022-11-30 17:15:07"
2541,#,#,#,"2022-11-30 17:15:11"
2542,#,#,#,"2022-11-30 17:15:16"
2543,#,#,#,"2022-11-30 17:15:21"
2544,#,#,#,"2022-11-30 17:15:23"
2545,#,#,#,"2022-11-30 17:15:26"
2546,#,#,#,"2022-11-30 17:15:35"
2547,#,#,#,"2022-11-30 17:15:37"
2548,#,#,#,"2022-11-30 17:16:06"
2549,#,#,#,"2022-11-30 17:16:08"
2550,#,#,#,"2022-11-30 17:16:17"
2551,#,#,#,"2022-11-30 17:16:23"
2552,#,#,#,"2022-11-30 17:16:25"
2553,#,#,#,"2022-11-30 17:16:27"
2554,#,#,#,"2022-11-30 17:16:30"
2555,#,#,#,"2022-11-30 17:16:37"
2556,#,#,#,"2022-11-30 17:16:40"
2557,#,#,#,"2022-11-30 17:16:52"
2558,#,#,#,"2022-11-30 17:16:57"
2559,#,#,#,"2022-11-30 17:16:59"
2560,#,#,#,"2022-11-30 17:17:01"
2561,#,#,#,"2022-11-30 17:17:06"
2562,#,#,#,"2022-12-01 00:32:53"
2563,#,#,#,"2022-12-01 01:04:44"
2564,#,#,#,"2022-12-01 01:04:46"
2565,#,#,#,"2022-12-01 01:05:53"
2566,#,#,#,"2022-12-01 01:05:54"
2567,#,#,#,"2022-12-01 01:05:56"
2568,#,#,#,"2022-12-01 01:06:01"
2569,#,#,#,"2022-12-01 01:06:03"
2570,#,#,#,"2022-12-01 01:06:08"
2571,#,#,#,"2022-12-01 01:06:10"
2572,#,#,#,"2022-12-01 01:06:11"
2573,#,#,#,"2022-12-01 01:06:17"
2574,#,#,#,"2022-12-01 01:06:18"
2575,#,#,#,"2022-12-01 01:06:20"
2576,#,#,#,"2022-12-01 01:06:25"
2577,#,#,#,"2022-12-01 01:06:30"
2578,#,#,#,"2022-12-01 01:06:32"
2579,#,#,#,"2022-12-01 01:06:34"
2580,#,#,#,"2022-12-01 01:06:36"
2581,#,#,#,"2022-12-01 01:06:37"
2582,#,#,#,"2022-12-01 01:06:41"
2583,#,#,#,"2022-12-01 01:06:42"
2584,#,#,#,"2022-12-01 01:06:44"
2585,#,#,#,"2022-12-01 01:06:46"
2586,#,#,#,"2022-12-01 01:06:54"
2587,#,#,#,"2022-12-01 01:06:56"
2588,#,#,#,"2022-12-01 01:06:58"
2589,#,#,#,"2022-12-01 01:07:01"
2590,#,#,#,"2022-12-01 01:07:03"
2591,#,#,#,"2022-12-01 01:07:05"
2592,#,#,#,"2022-12-01 01:07:08"
2593,#,#,#,"2022-12-01 01:07:13"
2594,#,#,#,"2022-12-01 01:07:15"
2595,#,#,#,"2022-12-01 01:07:17"
2596,#,#,#,"2022-12-01 01:07:20"
2597,#,#,#,"2022-12-01 01:07:22"
2598,#,#,#,"2022-12-01 01:07:24"
2599,#,#,#,"2022-12-01 01:07:25"
2600,#,#,#,"2022-12-01 01:07:27"
2601,#,#,#,"2022-12-01 01:07:29"
2602,#,#,#,"2022-12-01 01:07:30"
2603,#,#,#,"2022-12-01 01:07:32"
2604,#,#,#,"2022-12-01 01:07:36"
2605,#,#,#,"2022-12-01 01:07:37"
2606,#,#,#,"2022-12-01 01:07:41"
2607,#,#,#,"2022-12-01 01:07:44"
2608,#,#,#,"2022-12-01 01:07:48"
2609,#,#,#,"2022-12-01 01:07:50"
2610,#,#,#,"2022-12-01 01:07:53"
2611,#,#,#,"2022-12-01 01:07:58"
2612,#,#,#,"2022-12-01 01:08:05"
2613,#,#,#,"2022-12-01 01:08:07"
2614,#,#,#,"2022-12-01 01:08:15"
2615,#,#,#,"2022-12-01 01:08:17"
2616,#,#,#,"2022-12-01 01:08:18"
2617,#,#,#,"2022-12-01 01:08:20"
2618,#,#,#,"2022-12-01 01:08:22"
2619,#,#,#,"2022-12-01 01:08:32"
2620,#,#,#,"2022-12-01 01:08:39"
2621,#,#,#,"2022-12-01 01:08:41"
2622,#,#,#,"2022-12-01 01:08:45"
2623,#,#,#,"2022-12-01 01:08:52"
2624,#,#,#,"2022-12-01 01:08:53"
2625,#,#,#,"2022-12-01 01:08:58"
2626,#,#,#,"2022-12-01 01:09:00"
2627,#,#,#,"2022-12-01 01:09:02"
2628,#,#,#,"2022-12-01 01:09:03"
2629,#,#,#,"2022-12-01 01:09:06"
2630,#,#,#,"2022-12-01 01:09:07"
2631,#,#,#,"2022-12-01 01:09:09"
2632,#,#,#,"2022-12-01 01:09:16"
2633,#,#,#,"2022-12-01 01:09:19"
2634,#,#,#,"2022-12-01 01:09:23"
2635,#,#,#,"2022-12-01 01:09:24"
2636,#,#,#,"2022-12-01 01:09:31"
2637,#,#,#,"2022-12-01 01:09:34"
2638,#,#,#,"2022-12-01 01:09:43"
2639,#,#,#,"2022-12-01 01:09:46"
2640,#,#,#,"2022-12-01 01:09:48"
2641,#,#,#,"2022-12-01 01:09:51"
2642,#,#,#,"2022-12-01 01:09:54"
2643,#,#,#,"2022-12-01 01:09:55"
2644,#,#,#,"2022-12-01 01:09:57"
2645,#,#,#,"2022-12-01 01:09:59"
2646,#,#,#,"2022-12-01 01:10:04"
2647,#,#,#,"2022-12-01 01:10:07"
2648,#,#,#,"2022-12-01 01:10:11"
2649,#,#,#,"2022-12-01 01:10:12"
2650,#,#,#,"2022-12-01 01:10:14"
2651,#,#,#,"2022-12-01 01:10:19"
2652,#,#,#,"2022-12-01 01:10:21"
2653,#,#,#,"2022-12-01 01:10:23"
2654,#,#,#,"2022-12-01 01:10:28"
2655,#,#,#,"2022-12-01 01:10:29"
2656,#,#,#,"2022-12-01 01:10:31"
2657,#,#,#,"2022-12-01 01:10:35"
2658,#,#,#,"2022-12-01 01:10:40"
2659,#,#,#,"2022-12-01 01:10:41"
2660,#,#,#,"2022-12-01 01:10:43"
2661,#,#,#,"2022-12-01 01:10:46"
2662,#,#,#,"2022-12-01 01:10:49"
2663,#,#,#,"2022-12-01 01:10:51"
2664,#,#,#,"2022-12-01 01:10:52"
2665,#,#,#,"2022-12-01 01:10:56"
2666,#,#,#,"2022-12-01 01:10:57"
2667,#,#,#,"2022-12-01 01:11:01"
2668,#,#,#,"2022-12-01 01:11:04"
2669,#,#,#,"2022-12-01 01:11:06"
2670,#,#,#,"2022-12-01 01:11:08"
2671,#,#,#,"2022-12-01 01:11:09"
2672,#,#,#,"2022-12-01 01:11:18"
2673,#,#,#,"2022-12-01 01:11:24"
2674,#,#,#,"2022-12-01 01:11:26"
2675,#,#,#,"2022-12-01 01:11:29"
2676,#,#,#,"2022-12-01 01:11:31"
2677,#,#,#,"2022-12-01 01:11:36"
2678,#,#,#,"2022-12-01 01:11:38"
2679,#,#,#,"2022-12-01 01:11:41"
2680,#,#,#,"2022-12-01 01:11:43"
2681,#,#,#,"2022-12-01 01:11:45"
2682,#,#,#,"2022-12-01 01:11:46"
2683,#,#,#,"2022-12-01 01:11:48"
2684,#,#,#,"2022-12-01 01:11:51"
2685,#,#,#,"2022-12-01 01:11:58"
2686,#,#,#,"2022-12-01 01:12:01"
2687,#,#,#,"2022-12-01 01:12:08"
2688,#,#,#,"2022-12-01 01:12:12"
2689,#,#,#,"2022-12-01 01:12:17"
2690,#,#,#,"2022-12-01 01:12:23"
2691,#,#,#,"2022-12-01 01:12:28"
2692,#,#,#,"2022-12-01 01:12:33"
2693,#,#,#,"2022-12-01 01:12:44"
2694,#,#,#,"2022-12-01 01:12:45"
2695,#,#,#,"2022-12-01 01:12:47"
2696,#,#,#,"2022-12-01 01:12:54"
2697,#,#,#,"2022-12-01 01:12:57"
2698,#,#,#,"2022-12-01 01:13:01"
2699,#,#,#,"2022-12-01 01:13:04"
2700,#,#,#,"2022-12-01 01:13:06"
2701,#,#,#,"2022-12-01 01:13:09"
2702,#,#,#,"2022-12-01 01:13:14"
2703,#,#,#,"2022-12-01 01:13:16"
2704,#,#,#,"2022-12-01 01:13:18"
2705,#,#,#,"2022-12-01 01:13:19"
2706,#,#,#,"2022-12-01 01:13:26"
2707,#,#,#,"2022-12-01 01:13:31"
2708,#,#,#,"2022-12-01 01:13:33"
2709,#,#,#,"2022-12-01 01:13:34"
2710,#,#,#,"2022-12-01 01:13:45"
2711,#,#,#,"2022-12-01 01:13:48"
2712,#,#,#,"2022-12-01 01:13:50"
2713,#,#,#,"2022-12-01 01:13:53"
2714,#,#,#,"2022-12-01 01:13:55"
2715,#,#,#,"2022-12-01 01:14:01"
2716,#,#,#,"2022-12-01 01:14:03"
2717,#,#,#,"2022-12-01 01:14:05"
2718,#,#,#,"2022-12-01 01:14:08"
2719,#,#,#,"2022-12-01 01:14:10"
2720,#,#,#,"2022-12-01 01:14:12"
2721,#,#,#,"2022-12-01 01:14:13"
2722,#,#,#,"2022-12-01 01:14:17"
2723,#,#,#,"2022-12-01 01:14:18"
2724,#,#,#,"2022-12-01 01:14:22"
2725,#,#,#,"2022-12-01 01:14:23"
2726,#,#,#,"2022-12-01 01:14:25"
2727,#,#,#,"2022-12-01 01:14:30"
2728,#,#,#,"2022-12-01 01:14:32"
2729,#,#,#,"2022-12-01 01:14:37"
2730,#,#,#,"2022-12-01 01:14:39"
2731,#,#,#,"2022-12-01 01:14:41"
2732,#,#,#,"2022-12-01 01:14:44"
2733,#,#,#,"2022-12-01 01:14:47"
2734,#,#,#,"2022-12-01 01:14:49"
2735,#,#,#,"2022-12-01 01:14:51"
2736,#,#,#,"2022-12-01 01:14:52"
2737,#,#,#,"2022-12-01 01:14:59"
2738,#,#,#,"2022-12-01 01:15:04"
2739,#,#,#,"2022-12-01 01:15:06"
2740,#,#,#,"2022-12-01 01:15:09"
2741,#,#,#,"2022-12-01 01:15:11"
2742,#,#,#,"2022-12-01 01:15:13"
2743,#,#,#,"2022-12-01 01:15:14"
2744,#,#,#,"2022-12-01 01:15:16"
2745,#,#,#,"2022-12-01 01:15:18"
2746,#,#,#,"2022-12-01 01:15:21"
2747,#,#,#,"2022-12-01 01:15:23"
2748,#,#,#,"2022-12-01 01:15:29"
2749,#,#,#,"2022-12-01 01:15:31"
2750,#,#,#,"2022-12-01 01:15:33"
2751,#,#,#,"2022-12-01 01:15:38"
2752,#,#,#,"2022-12-01 01:15:45"
2753,#,#,#,"2022-12-01 01:15:46"
2754,#,#,#,"2022-12-01 01:15:50"
2755,#,#,#,"2022-12-01 01:15:52"
2756,#,#,#,"2022-12-01 01:15:57"
2757,#,#,#,"2022-12-01 01:15:59"
2758,#,#,#,"2022-12-01 01:16:04"
2759,#,#,#,"2022-12-01 01:16:08"
2760,#,#,#,"2022-12-01 01:16:13"
2761,#,#,#,"2022-12-01 01:37:52"
2762,#,#,#,"2022-12-01 02:32:07"
